entry	name	size
140001000	FUN_140001000	25
140001020	FUN_140001020	59
140001060	FUN_140001060	25
140001080	FUN_140001080	61
1400010c0	FUN_1400010c0	59
140001100	FUN_140001100	61
140001140	FUN_140001140	59
14000117c	FUN_14000117c	32
1400011a8	FUN_1400011a8	27
1400011d0	_guard_check_icall	3
1400011e0	InitializeCriticalSectionEx	7
1400011f0	FUN_1400011f0	124
140001270	FUN_140001270	453
140001440	FUN_140001440	36
140001470	FUN_140001470	100
1400014e0	FUN_1400014e0	6966
140003020	FUN_140003020	64
140003060	FUN_140003060	43
140003090	FUN_140003090	92
1400030f0	FUN_1400030f0	72
140003140	FUN_140003140	73
140003190	FUN_140003190	21
1400031b0	FUN_1400031b0	116
140003230	FUN_140003230	297
140003360	FUN_140003360	453
140003530	FID_conflict:underflow	106
1400035a0	FUN_1400035a0	95
140003600	FUN_140003600	694
1400038c0	FUN_1400038c0	80
140003910	FUN_140003910	71
140003960	FUN_140003960	15
140003970	FUN_140003970	125
1400039f0	FUN_1400039f0	34
140003a20	FUN_140003a20	325
140003b70	FUN_140003b70	128
140003bf0	FUN_140003bf0	155
140003c90	FUN_140003c90	107
140003d00	FUN_140003d00	108
140003d80	FUN_140003d80	108
140003e00	FUN_140003e00	24
140003e20	FUN_140003e20	306
140003f60	FUN_140003f60	273
140004080	FUN_140004080	141
140004110	FUN_140004110	254
140004210	FUN_140004210	259
140004330	FUN_140004330	171
1400043e0	FUN_1400043e0	191
1400044a0	FUN_1400044a0	112
140004510	FUN_140004510	4
140004520	FUN_140004520	40
140004550	FUN_140004550	170
140004600	FUN_140004600	373
140004790	FUN_140004790	172
140004840	FUN_140004840	45
140004870	FUN_140004870	107
1400048e0	FUN_1400048e0	45
140004910	FUN_140004910	75
140004960	FUN_140004960	251
140004a60	FUN_140004a60	146
140004b00	FUN_140004b00	158
140004ba0	basic_string<>	47
140004bd0	FUN_140004bd0	12
140004be0	operator_delete	7
140004bf0	FUN_140004bf0	79
140004c40	FUN_140004c40	76
140004c90	FUN_140004c90	89
140004cf0	FUN_140004cf0	13
140004d00	FUN_140004d00	16
140004d10	FUN_140004d10	10
140004d20	FUN_140004d20	80
140004d70	FUN_140004d70	80
140004dd0	FUN_140004dd0	8
140004de0	FUN_140004de0	303
140004f10	FUN_140004f10	79
140004f60	FUN_140004f60	59
140004fa0	FUN_140004fa0	421
140005150	FUN_140005150	132
1400051e0	FUN_1400051e0	8
1400051f0	FUN_1400051f0	1170
140005690	FUN_140005690	434
140005850	FUN_140005850	434
140005a10	FUN_140005a10	434
140005bd0	FUN_140005bd0	87
140005c30	FUN_140005c30	87
140005c90	FUN_140005c90	84
140005cf0	FUN_140005cf0	50
140005d30	FUN_140005d30	50
140005d70	FUN_140005d70	84
140005dd0	FUN_140005dd0	600
140006030	FUN_140006030	322
140006180	PreTranslateMessage	7
140006190	FUN_140006190	3
1400061a0	FUN_1400061a0	310
1400062e0	FUN_1400062e0	459
1400064b0	FUN_1400064b0	304
1400065e0	FUN_1400065e0	12
1400065f0	FUN_1400065f0	145
140006690	FUN_140006690	293
1400067c0	FUN_1400067c0	35
1400067f0	FUN_1400067f0	12
140006800	FUN_140006800	65
140006850	FUN_140006850	87
1400068b0	FUN_1400068b0	130
140006940	FUN_140006940	105
1400069b0	FUN_1400069b0	80
140006a00	FUN_140006a00	80
140006a50	FUN_140006a50	121
140006ad0	FUN_140006ad0	31
140006b00	FUN_140006b00	8
140006b10	FUN_140006b10	556
140006d40	FUN_140006d40	79
140006d90	FUN_140006d90	306
140006ed0	FUN_140006ed0	405
140007070	FUN_140007070	8
140007080	FUN_140007080	684
140007330	FUN_140007330	63
140007380	FUN_140007380	207
140007450	FUN_140007450	258
140007560	FUN_140007560	1576
140007b90	FUN_140007b90	975
140007f60	FUN_140007f60	111
140007fd0	FUN_140007fd0	229
1400080c0	FUN_1400080c0	570
140008300	FUN_140008300	1027
140008710	FUN_140008710	8
140008720	FUN_140008720	262
140008830	FUN_140008830	79
140008880	FUN_140008880	182
140008940	FUN_140008940	153
1400089e0	FUN_1400089e0	8
1400089f0	FUN_1400089f0	509
140008bf0	FUN_140008bf0	63
140008c30	FUN_140008c30	258
140008d40	FUN_140008d40	743
140009030	FUN_140009030	279
140009150	FUN_140009150	89
1400091b0	FUN_1400091b0	8
1400091c0	FUN_1400091c0	395
140009350	FUN_140009350	79
1400093a0	FUN_1400093a0	264
1400094b0	FUN_1400094b0	237
1400095a0	FUN_1400095a0	700
140009860	FUN_140009860	63
1400098a0	FUN_1400098a0	1129
140009d10	FUN_140009d10	383
140009e90	FUN_140009e90	80
140009ef0	FUN_140009ef0	8
140009f00	FUN_140009f00	106
140009f70	FUN_140009f70	47
140009fa0	FUN_140009fa0	8
140009fc0	FUN_140009fc0	66
14000a010	FUN_14000a010	44
14000a040	FUN_14000a040	42
14000a070	FUN_14000a070	68
14000a0c0	FUN_14000a0c0	229
14000a1b0	FUN_14000a1b0	482
14000a3a0	FUN_14000a3a0	513
14000a5b0	FUN_14000a5b0	94
14000a860	FUN_14000a860	86
14000aad0	FUN_14000aad0	94
14000ad20	FUN_14000ad20	414
14000aec0	FUN_14000aec0	528
14000b0e0	FUN_14000b0e0	158
14000b180	FUN_14000b180	126
14000b200	FUN_14000b200	195
14000b2d0	FUN_14000b2d0	215
14000b3b0	FUN_14000b3b0	194
14000b480	FUN_14000b480	155
14000b520	FUN_14000b520	222
14000b600	FUN_14000b600	130
14000b690	FUN_14000b690	171
14000b740	FUN_14000b740	301
14000b870	FUN_14000b870	293
14000b9a0	FUN_14000b9a0	256
14000baa0	FUN_14000baa0	129
14000bb30	FUN_14000bb30	83
14000bb90	FUN_14000bb90	198
14000bc60	FUN_14000bc60	320
14000bdc0	FUN_14000bdc0	193
14000be90	FUN_14000be90	262
14000bfa0	FUN_14000bfa0	61
14000bfe0	FUN_14000bfe0	57
14000c020	FUN_14000c020	143
14000ca70	FUN_14000ca70	1263
14000cf60	FUN_14000cf60	8
14000cf70	sprintf	91
14000cfd0	FUN_14000cfd0	54
14000d030	FUN_14000d030	19
14000d050	FUN_14000d050	67
14000d0a0	FUN_14000d0a0	64
14000d0e0	FUN_14000d0e0	54
14000d120	FUN_14000d120	451
14000d320	FUN_14000d320	43
14000d350	FUN_14000d350	43
14000d380	FUN_14000d380	43
14000d3b0	FUN_14000d3b0	119
14000d430	FUN_14000d430	52
14000d470	FUN_14000d470	169
14000d520	FUN_14000d520	52
14000d560	FUN_14000d560	43
14000d590	FUN_14000d590	221
14000d670	FUN_14000d670	438
14000d830	FUN_14000d830	223
14000d910	FUN_14000d910	1081
14000dd50	FUN_14000dd50	481
14000df40	FUN_14000df40	778
14000e250	FUN_14000e250	80
14000e2a0	FUN_14000e2a0	64
14000e2e0	FUN_14000e2e0	64
14000e320	FUN_14000e320	375
14000e4a0	FUN_14000e4a0	241
14000e5a0	FUN_14000e5a0	78
14000ed30	FUN_14000ed30	161
14000fcc0	FUN_14000fcc0	304
14000fe00	FUN_14000fe00	64
140010140	FUN_140010140	64
140010480	FUN_140010480	361
140010d40	FUN_140010d40	199
140010e10	FUN_140010e10	30
140010e30	FUN_140010e30	67
140011a60	FUN_140011a60	60
140012330	FUN_140012330	65
140012380	FUN_140012380	1106
1400127e0	FUN_1400127e0	70
140012ab0	FUN_140012ab0	18
140012b70	FUN_140012b70	23
140012c10	FUN_140012c10	142
140012ca0	FUN_140012ca0	256
140012db0	FUN_140012db0	256
140012ec0	FUN_140012ec0	256
140012fd0	FUN_140012fd0	92
1400132a0	FUN_1400132a0	36
1400132d0	FUN_1400132d0	57
140013310	FUN_140013310	143
1400133a0	FUN_1400133a0	205
140013470	FUN_140013470	6
140013480	FUN_140013480	3
140013490	FUN_140013490	210
140013570	FUN_140013570	22
140013590	FUN_140013590	449
140013760	FUN_140013760	552
140013990	FUN_140013990	56
1400139d0	FUN_1400139d0	48
140013a00	FUN_140013a00	143
140013a90	FUN_140013a90	205
140013b60	FUN_140013b60	11
140013b70	FUN_140013b70	352
140013cd0	FUN_140013cd0	352
140013e30	FUN_140013e30	143
140013ec0	FUN_140013ec0	150
140013f60	FUN_140013f60	92
140013fc0	FUN_140013fc0	351
140014120	FUN_140014120	52
140014160	thunk_FUN_140015b20	5
140014170	FUN_140014170	128
1400141f0	FUN_1400141f0	52
140014230	FUN_140014230	322
140014380	FUN_140014380	182
140014440	FUN_140014440	69
140014490	FUN_140014490	297
1400145c0	FUN_1400145c0	72
140014610	FUN_140014610	35
140014640	FUN_140014640	116
1400146c0	FUN_1400146c0	184
140014780	FUN_140014780	266
140014890	FUN_140014890	404
140014a30	underflow	95
140014a90	FUN_140014a90	77
140014ae0	FUN_140014ae0	598
140014d40	FUN_140014d40	154
140014de0	FUN_140014de0	52
140014e20	FUN_140014e20	63
140014e60	FUN_140014e60	52
140014ea0	FUN_140014ea0	63
140014ee0	FUN_140014ee0	54
140014f20	FUN_140014f20	76
140014f70	FUN_140014f70	80
140014fc0	FUN_140014fc0	71
140015010	FUN_140015010	1448
1400155d0	FUN_1400155d0	222
1400156b0	FUN_1400156b0	1133
140015b20	FUN_140015b20	113
140015ba0	FUN_140015ba0	193
140015c70	FUN_140015c70	72
140015cc0	FUN_140015cc0	283
140015de0	FUN_140015de0	190
140015eb0	FUN_140015eb0	589
140016110	FUN_140016110	64
140016150	FUN_140016150	111
1400161d0	FUN_1400161d0	111
140016250	FUN_140016250	136
1400162e0	FUN_1400162e0	350
140016440	FUN_140016440	301
140016570	FUN_140016570	80
1400165c0	FUN_1400165c0	70
140016610	FUN_140016610	441
1400167e0	FUN_1400167e0	308
140016920	FUN_140016920	270
140016a30	FUN_140016a30	263
140016b40	FUN_140016b40	64
140016b80	FUN_140016b80	54
140016bc0	FUN_140016bc0	52
140016c00	FUN_140016c00	292
140016d30	FUN_140016d30	356
140016ea0	FUN_140016ea0	111
140016f20	FUN_140016f20	370
1400170a0	FUN_1400170a0	353
140017210	FUN_140017210	153
1400172b0	FUN_1400172b0	226
1400173a0	FUN_1400173a0	100
140017410	FUN_140017410	54
140017450	FUN_140017450	323
1400175a0	FUN_1400175a0	52
1400175e0	FUN_1400175e0	233
1400176d0	FUN_1400176d0	179
140017790	FUN_140017790	108
140017810	FUN_140017810	138
1400178a0	FUN_1400178a0	143
140017930	FUN_140017930	107
1400179a0	FUN_1400179a0	441
140017c00	FUN_140017c00	285
140017d20	FUN_140017d20	123
140017da0	FUN_140017da0	182
140017e60	FUN_140017e60	142
140017ef0	FUN_140017ef0	1047
140018370	FUN_140018370	474
140018550	FUN_140018550	233
140018640	FUN_140018640	221
140018720	FUN_140018720	419
1400188d0	FUN_1400188d0	79
140018920	FUN_140018920	52
140018960	FUN_140018960	218
140018a40	FUN_140018a40	431
140018bf0	FUN_140018bf0	605
140018e50	FUN_140018e50	32
140018e70	FUN_140018e70	134
140018f00	FUN_140018f00	200
140018fd0	FUN_140018fd0	531
1400191f0	FUN_1400191f0	190
1400192b0	FUN_1400192b0	389
140019440	FUN_140019440	136
1400194d0	FUN_1400194d0	68
140019520	FUN_140019520	90
140019580	FUN_140019580	966
140019950	FUN_140019950	50
140019990	FUN_140019990	244
140019a90	FUN_140019a90	174
140019b40	FUN_140019b40	135
140019bd0	FUN_140019bd0	1429
14001a1c0	FUN_14001a1c0	316
14001a300	FUN_14001a300	557
14001a530	FUN_14001a530	30
14001a550	FUN_14001a550	26
14001a570	FUN_14001a570	70
14001a5c0	FUN_14001a5c0	250
14001a6c0	FUN_14001a6c0	107
14001a730	FUN_14001a730	331
14001a880	FUN_14001a880	185
14001a940	FUN_14001a940	302
14001aa70	FUN_14001aa70	486
14001ac60	FUN_14001ac60	269
14001ad70	FUN_14001ad70	433
14001af30	FUN_14001af30	392
14001b0c0	FUN_14001b0c0	579
14001b310	FUN_14001b310	663
14001b5b0	FUN_14001b5b0	723
14001b890	FUN_14001b890	254
14001b990	FUN_14001b990	317
14001bad0	FUN_14001bad0	293
14001bc00	FUN_14001bc00	165
14001bcb0	FUN_14001bcb0	31
14001bcd0	FUN_14001bcd0	33
14001bd00	FUN_14001bd00	51
14001bd40	FUN_14001bd40	256
14001be40	FUN_14001be40	159
14001bee0	FUN_14001bee0	185
14001bfa0	FUN_14001bfa0	172
14001c050	FUN_14001c050	678
14001c300	FUN_14001c300	465
14001c4e0	FUN_14001c4e0	121
14001c560	FUN_14001c560	70
14001c5b0	FUN_14001c5b0	70
14001c600	FUN_14001c600	147
14001c6a0	FUN_14001c6a0	160
14001c740	FUN_14001c740	818
14001ca80	FUN_14001ca80	668
14001cd20	FUN_14001cd20	67
14001cd70	FUN_14001cd70	246
14001ce70	FUN_14001ce70	179
14001cf30	FUN_14001cf30	506
14001d130	FUN_14001d130	128
14001d1b0	FUN_14001d1b0	83
14001d210	FUN_14001d210	421
14001d3c0	FUN_14001d3c0	229
14001d4b0	FUN_14001d4b0	173
14001d560	FUN_14001d560	206
14001d630	FUN_14001d630	34
14001d660	FUN_14001d660	45
14001d690	FUN_14001d690	521
14001d8a0	FUN_14001d8a0	120
14001d9c0	FUN_14001d9c0	228
14001dab0	FUN_14001dab0	173
14001db60	FUN_14001db60	167
14001dc10	FUN_14001dc10	386
14001dda0	FUN_14001dda0	151
14001de40	FUN_14001de40	280
14001df60	FUN_14001df60	143
14001dff0	FUN_14001dff0	163
14001e094	FUN_14001e094	12
14001e0a0	FUN_14001e0a0	43
14001e0d0	FUN_14001e0d0	11
14001e0e0	FUN_14001e0e0	43
14001e110	FUN_14001e110	11
14001e120	FUN_14001e120	1139
14001e5a0	FUN_14001e5a0	1152
14001ea30	FUN_14001ea30	1094
14001ee80	FUN_14001ee80	848
14001f1d0	FUN_14001f1d0	851
14001f530	FUN_14001f530	226
14001f620	FUN_14001f620	8
14001f630	FUN_14001f630	340
14001f790	FUN_14001f790	79
14001f7e0	FUN_14001f7e0	189
14001f8a0	FUN_14001f8a0	216
14001f980	FUN_14001f980	8
14001f990	FUN_14001f990	465
14001fb70	FUN_14001fb70	1078
14001ffb0	FUN_14001ffb0	467
140020190	FUN_140020190	86
1400201f0	FUN_1400201f0	80
140020240	FUN_140020240	8
140020250	FUN_140020250	154
1400202f0	FUN_1400202f0	95
140020350	FUN_140020350	69
1400203a0	FUN_1400203a0	8
1400203b0	FUN_1400203b0	98
140020420	FUN_140020420	424
1400205d0	FUN_1400205d0	197
1400206a0	FUN_1400206a0	8
1400206b0	FUN_1400206b0	135
140020740	FUN_140020740	2259
140021020	FUN_140021020	8
140021030	FUN_140021030	315
140021170	FUN_140021170	79
1400211c0	FUN_1400211c0	1404
140021740	FUN_140021740	3066
140022340	FUN_140022340	93
1400223a0	FUN_1400223a0	211
140022480	FUN_140022480	111
1400224f0	FUN_1400224f0	8
140022500	FUN_140022500	186
1400225c0	FUN_1400225c0	187
140022680	FUN_140022680	170
140022730	FUN_140022730	343
140022890	FUN_140022890	509
140022a90	FUN_140022a90	413
140022c30	FUN_140022c30	426
140022de0	FUN_140022de0	329
140022f30	FUN_140022f30	179
140022ff0	FUN_140022ff0	355
140023160	FUN_140023160	63
1400231a0	FUN_1400231a0	14
140023200	FUN_140023200	149
1400232a0	FUN_1400232a0	303
1400233d0	FUN_1400233d0	188
140023490	thunk_FUN_140023520	5
1400234a0	FUN_1400234a0	110
140023520	FUN_140023520	126
1400235a0	FUN_1400235a0	202
140023670	FUN_140023670	52
1400236b0	FUN_1400236b0	245
1400237b0	FUN_1400237b0	52
1400237f0	FUN_1400237f0	924
140023b90	FUN_140023b90	716
140023e60	FUN_140023e60	86
140023ec0	FUN_140023ec0	413
140024060	FUN_140024060	542
140024280	FUN_140024280	10
140024290	FUN_140024290	10
1400242a0	FUN_1400242a0	10
1400242b0	FUN_1400242b0	10
1400242c0	FUN_1400242c0	10
1400242d0	FUN_1400242d0	10
1400242e0	FUN_1400242e0	6
1400242f0	FUN_1400242f0	8
140024300	FUN_140024300	80
140024350	FUN_140024350	456
140024520	FUN_140024520	337
140024680	FUN_140024680	87
1400246e0	FUN_1400246e0	170
140024790	FUN_140024790	273
1400248b0	FUN_1400248b0	173
140024960	FUN_140024960	135
1400249f0	FUN_1400249f0	437
140024bb0	FUN_140024bb0	79
140024c00	FUN_140024c00	216
140024ce0	FUN_140024ce0	8
140024cf0	FUN_140024cf0	1606
140025340	FUN_140025340	270
140025460	FUN_140025460	154
140025500	FUN_140025500	571
140025740	FUN_140025740	1665
140025dd0	FUN_140025dd0	846
140026140	FUN_140026140	240
140026230	FUN_140026230	1547
140026840	FUN_140026840	760
140026b40	FUN_140026b40	859
140026ea0	FUN_140026ea0	197
140026f70	FUN_140026f70	1279
140027470	FUN_140027470	128
1400274f0	FUN_1400274f0	3538
1400282d0	FUN_1400282d0	220
1400283b0	FUN_1400283b0	1348
1400289e0	FUN_1400289e0	383
140028b60	FUN_140028b60	18
140028cd0	FUN_140028cd0	28
140028cf0	FUN_140028cf0	123
140028d70	FUN_140028d70	63
140028db0	FUN_140028db0	14
140028e10	FUN_140028e10	142
140028ea0	FUN_140028ea0	123
140028f20	FUN_140028f20	142
140028fb0	FUN_140028fb0	391
140029140	FUN_140029140	95
1400291a0	FUN_1400291a0	450
140029370	FUN_140029370	199
140029440	FUN_140029440	50
140029480	FUN_140029480	110
1400294f0	FUN_1400294f0	132
140029580	FUN_140029580	109
1400295f0	FUN_1400295f0	83
140029650	FUN_140029650	81
1400296b0	FUN_1400296b0	133
140029740	FUN_140029740	223
140029820	FUN_140029820	3771
14002a6e0	FUN_14002a6e0	99
14002a750	FUN_14002a750	8
14002a760	FUN_14002a760	395
14002a8f0	FUN_14002a8f0	79
14002a940	FUN_14002a940	215
14002aa20	FUN_14002aa20	258
14002ab30	FUN_14002ab30	8
14002ab40	FUN_14002ab40	433
14002ad00	FUN_14002ad00	63
14002ad40	FUN_14002ad40	1110
14002b1a0	FUN_14002b1a0	496
14002b390	FUN_14002b390	70
14002b3e0	FUN_14002b3e0	77
14002b430	FUN_14002b430	26
14002b450	FUN_14002b450	29
14002b470	FUN_14002b470	31
14002b490	FUN_14002b490	1497
14002ba70	FUN_14002ba70	8
14002ba80	FUN_14002ba80	847
14002bdd0	FUN_14002bdd0	79
14002be20	FUN_14002be20	484
14002c010	FUN_14002c010	678
14002c2c0	FUN_14002c2c0	8
14002c2d0	FUN_14002c2d0	327
14002c420	FUN_14002c420	141
14002c4b0	FUN_14002c4b0	504
14002c6b0	FUN_14002c6b0	966
14002ca80	FUN_14002ca80	2036
14002d280	FUN_14002d280	271
14002d390	FUN_14002d390	609
14002d600	FUN_14002d600	36
14002d630	FUN_14002d630	273
14002d750	FUN_14002d750	249
14002d850	FUN_14002d850	77
14002d8a0	FUN_14002d8a0	87
14002d900	FUN_14002d900	274
14002da30	FUN_14002da30	262
14002db40	FUN_14002db40	639
14002ddc0	FUN_14002ddc0	571
14002e010	FUN_14002e010	166
14002e0c0	FUN_14002e0c0	97
14002e130	FUN_14002e130	140
14002e1c0	FUN_14002e1c0	403
14002e360	FUN_14002e360	417
14002e510	FUN_14002e510	8
14002e520	FUN_14002e520	374
14002e6a0	FUN_14002e6a0	143
14002e730	FUN_14002e730	84
14002e790	FUN_14002e790	90
14002e7f0	FUN_14002e7f0	8
14002e800	FUN_14002e800	585
14002ea50	FUN_14002ea50	53
14002ea90	FUN_14002ea90	309
14002ebd0	OnOK	7
14002ebe0	FUN_14002ebe0	80
14002ec40	FUN_14002ec40	8
14002ec50	FUN_14002ec50	1692
14002f2f0	FUN_14002f2f0	79
14002f340	FUN_14002f340	277
14002f460	FUN_14002f460	8
14002f470	FUN_14002f470	452
14002f640	FUN_14002f640	248
14002f740	FUN_14002f740	221
14002f820	FUN_14002f820	149
14002f8c0	FUN_14002f8c0	222
14002f9d0	FUN_14002f9d0	398
14002fb90	FUN_14002fb90	38
14002fbc0	FUN_14002fbc0	132
14002fc50	FUN_14002fc50	8
14002fc60	FUN_14002fc60	254
14002fd60	FUN_14002fd60	79
14002fdb0	FUN_14002fdb0	159
14002fe50	FUN_14002fe50	153
14002fef0	FUN_14002fef0	8
14002ff00	FUN_14002ff00	644
140030190	FUN_140030190	50
1400301d0	FUN_1400301d0	461
1400303a0	FUN_1400303a0	1028
1400307b0	FUN_1400307b0	36
1400307e0	FUN_1400307e0	8
1400307f0	FUN_1400307f0	132
140030880	FUN_140030880	73
1400308d0	FUN_1400308d0	69
140030920	FUN_140030920	8
140030930	FUN_140030930	334
140030a80	PreTranslateMessage	7
140030a90	FUN_140030a90	180
140030b50	FUN_140030b50	95
140030bb0	FUN_140030bb0	212
140030c90	FUN_140030c90	263
140030da0	FUN_140030da0	301
140030ed0	FUN_140030ed0	102
140030f40	FUN_140030f40	102
140030fb0	FUN_140030fb0	8
140030fc0	FUN_140030fc0	385
140031150	FUN_140031150	79
1400311a0	FUN_1400311a0	238
140031290	FUN_140031290	279
1400313b0	FUN_1400313b0	8
1400313c0	FUN_1400313c0	670
140031660	FUN_140031660	326
1400317b0	FUN_1400317b0	8
1400317c0	FUN_1400317c0	321
140031910	FUN_140031910	79
140031960	FUN_140031960	189
140031a20	FUN_140031a20	216
140031b00	FUN_140031b00	8
140031b10	FUN_140031b10	258
140031c20	FUN_140031c20	413
140031dc0	FUN_140031dc0	1133
140032230	FUN_140032230	408
1400323d0	FUN_1400323d0	8
1400323e0	FUN_1400323e0	132
140032470	FUN_140032470	73
1400324c0	FUN_1400324c0	90
140032520	FUN_140032520	8
140032530	FUN_140032530	726
140032930	FUN_140032930	797
140032d30	FUN_140032d30	8
140032d40	FUN_140032d40	364
140032eb0	FUN_140032eb0	79
140032f00	FUN_140032f00	202
140032fd0	FUN_140032fd0	237
1400330c0	FUN_1400330c0	457
140033290	FUN_140033290	1113
1400336f0	FUN_1400336f0	502
1400338f0	FUN_1400338f0	63
140033930	FUN_140033930	8
140033940	FUN_140033940	385
140033ad0	FUN_140033ad0	79
140033b20	FUN_140033b20	225
140033c10	FUN_140033c10	279
140033d30	FUN_140033d30	8
140033d40	FUN_140033d40	598
140033fb0	FUN_140033fb0	283
1400340d0	FUN_1400340d0	1393
140034650	FUN_140034650	878
1400349c0	FUN_1400349c0	8
1400349d0	FUN_1400349d0	321
140034b20	FUN_140034b20	79
140034b70	FUN_140034b70	189
140034c30	FUN_140034c30	216
140034d10	FUN_140034d10	456
140034ee0	FUN_140034ee0	1145
140035360	FUN_140035360	516
140035570	FUN_140035570	8
140035580	FUN_140035580	79
1400355d0	FUN_1400355d0	106
140035640	FUN_140035640	25
140035660	FUN_140035660	8
140035670	FUN_140035670	773
140035980	FUN_140035980	147
140035a20	FUN_140035a20	202
140035af0	FUN_140035af0	95
140035b50	FUN_140035b50	21
140035b70	FUN_140035b70	38
140035ba0	FUN_140035ba0	111
140035c10	FUN_140035c10	132
140035ca0	FUN_140035ca0	179
140035d60	FUN_140035d60	98
140035dd0	FUN_140035dd0	98
140035e40	FUN_140035e40	67
140035e90	FUN_140035e90	42
140035ec0	FUN_140035ec0	8
140035ed0	FUN_140035ed0	650
140036160	FUN_140036160	79
1400361b0	FUN_1400361b0	367
140036320	FUN_140036320	489
140036510	FUN_140036510	8
140036520	FUN_140036520	743
140036810	FUN_140036810	587
140036a60	FUN_140036a60	382
140036be0	FUN_140036be0	36
140036c10	FUN_140036c10	879
140036f80	FUN_140036f80	2913
140037af0	FUN_140037af0	1408
140038070	thunk_FUN_140036810	5
140038080	FUN_140038080	119
140038100	FUN_140038100	34
140038130	FUN_140038130	116
1400381b0	FUN_1400381b0	80
140038200	FUN_140038200	12
140038210	FUN_140038210	8
140038220	FUN_140038220	231
140038310	FUN_140038310	79
140038360	FUN_140038360	134
1400383f0	FUN_1400383f0	132
140038480	FUN_140038480	8
140038490	FUN_140038490	346
1400385f0	FUN_1400385f0	63
140038630	FUN_140038630	258
140038740	FUN_140038740	712
140038a10	FUN_140038a10	251
140038b10	FUN_140038b10	8
140038b20	FUN_140038b20	207
140038bf0	FUN_140038bf0	79
140038c40	FUN_140038c40	121
140038cc0	FUN_140038cc0	111
140038d30	FUN_140038d30	290
140038e60	FUN_140038e60	676
140039110	FUN_140039110	207
1400391e0	FUN_1400391e0	417
140039390	FUN_140039390	698
140039650	FUN_140039650	225
140039740	FUN_140039740	183
140039800	FUN_140039800	232
1400398f0	FUN_1400398f0	8
140039900	FUN_140039900	306
140039a40	FUN_140039a40	79
140039a90	FUN_140039a90	251
140039b90	FUN_140039b90	69
140039be0	FUN_140039be0	8
140039bf0	FUN_140039bf0	985
14003a090	FUN_14003a090	87
14003a0f0	FUN_14003a0f0	506
14003a2f0	FUN_14003a2f0	1101
14003a740	FUN_14003a740	231
14003a830	FUN_14003a830	364
14003a9a0	FUN_14003a9a0	188
14003aa60	FUN_14003aa60	202
14003ab30	FUN_14003ab30	110
14003abb0	FUN_14003abb0	215
14003ac90	FUN_14003ac90	211
14003ad70	FUN_14003ad70	304
14003aea0	FUN_14003aea0	780
14003b1b0	FUN_14003b1b0	225
14003b2a0	FUN_14003b2a0	504
14003b4a0	FUN_14003b4a0	207
14003b570	FUN_14003b570	195
14003b640	FUN_14003b640	318
14003b780	FUN_14003b780	249
14003b880	FUN_14003b880	179
14003b940	FUN_14003b940	226
14003ba30	FUN_14003ba30	311
14003bb70	FUN_14003bb70	2394
14003c4d0	FUN_14003c4d0	8
14003c4e0	FUN_14003c4e0	142
14003c570	FUN_14003c570	119
14003c5f0	FUN_14003c5f0	60
14003c630	FUN_14003c630	25
14003c650	FUN_14003c650	8
14003c660	FUN_14003c660	44
14003c690	FUN_14003c690	46
14003c6c0	FUN_14003c6c0	305
14003c800	FUN_14003c800	124
14003c880	FUN_14003c880	90
14003c8e0	FUN_14003c8e0	880
14003cc50	FUN_14003cc50	592
14003cea0	FUN_14003cea0	1708
14003d550	FUN_14003d550	5742
14003ebc0	FUN_14003ebc0	266
14003ed00	FUN_14003ed00	17244
140043060	FUN_140043060	429
140043220	FUN_140043220	101
140043290	FUN_140043290	123
140043310	FUN_140043310	263
140043420	FUN_140043420	80
140043470	FUN_140043470	67
1400434c0	FUN_1400434c0	231
1400435b0	FUN_1400435b0	228
1400436a0	FUN_1400436a0	245
1400437a0	FUN_1400437a0	858
140043b00	FUN_140043b00	103
140043b70	FUN_140043b70	222
140043c50	FUN_140043c50	681
140043f00	FUN_140043f00	20
140043f20	FUN_140043f20	20
140043f40	FUN_140043f40	115
140043fc0	FUN_140043fc0	152
140044060	FUN_140044060	52
1400440a0	_Reset_back	48
1400440d0	FUN_1400440d0	630
140044350	FUN_140044350	127
1400443d0	FUN_1400443d0	312
140044510	FUN_140044510	210
1400445f0	FUN_1400445f0	56
140044630	FUN_140044630	446
140044800	FUN_140044800	270
140044910	FUN_140044910	12
140044930	FUN_140044930	8
140044940	FUN_140044940	90
1400449a0	FUN_1400449a0	17
1400449c0	FUN_1400449c0	8
1400449d0	FUN_1400449d0	108
140044a40	FUN_140044a40	369
140044bc0	FUN_140044bc0	226
140044cb0	FUN_140044cb0	336
140044e00	FUN_140044e00	1306
140045370	FUN_140045370	70
1400453c0	FUN_1400453c0	307
140045500	FUN_140045500	579
140045750	FUN_140045750	663
1400459f0	FUN_1400459f0	692
140045cb0	FUN_140045cb0	254
140045db0	FUN_140045db0	213
140045e90	FUN_140045e90	185
140045f50	FUN_140045f50	667
1400461f0	FUN_1400461f0	157
140046290	FUN_140046290	8
1400462a0	FUN_1400462a0	1110
140046700	FUN_140046700	79
140046750	FUN_140046750	614
1400469c0	FUN_1400469c0	888
140046d40	FUN_140046d40	8
140046d50	FUN_140046d50	274
140046e70	FUN_140046e70	4388
140047fa0	FUN_140047fa0	878
140048340	FUN_140048340	3093
140048f60	FUN_140048f60	267
140049070	FUN_140049070	37
1400490a0	FUN_1400490a0	37
1400490d0	FUN_1400490d0	37
140049100	FUN_140049100	37
140049130	FUN_140049130	182
1400491f0	FUN_1400491f0	175
1400492a0	FUN_1400492a0	182
140049360	FUN_140049360	175
140049410	FUN_140049410	135
1400494a0	FUN_1400494a0	142
140049530	FUN_140049530	55
140049570	FUN_140049570	62
1400495b0	FUN_1400495b0	37
1400495e0	FUN_1400495e0	37
140049610	FUN_140049610	37
140049640	FUN_140049640	175
1400496f0	FUN_1400496f0	182
1400497b0	FUN_1400497b0	274
1400498e0	FUN_1400498e0	262
1400499f0	FUN_1400499f0	290
140049b20	FUN_140049b20	28
140049b40	FUN_140049b40	442
140049b45	FUN_140049b45	1
14004a5f9	FUN_14004a5f9	8
14004a601	FUN_14004a601	8
14004d187	FUN_14004d187	8
14004d18f	FUN_14004d18f	8
14005326b	FUN_14005326b	16
140053276	FUN_140053276	16
140055e5d	FUN_140055e5d	7
14005b15b	FUN_14005b15b	14
14005cf36	FUN_14005cf36	12
140061173	FUN_140061173	11
14006117e	FUN_14006117e	16
1400612e7	FUN_1400612e7	7
1400612ee	FUN_1400612ee	7
1400645df	FUN_1400645df	14
1400677df	FUN_1400677df	16
1400677ef	FUN_1400677ef	8
1400677f7	FUN_1400677f7	9
140067807	FUN_140067807	12
140067813	FUN_140067813	12
14006b042	thunk_FUN_14006b047	5
14006b047	FUN_14006b047	2862
14006e95e	FUN_14006e95e	16
1400726e0	FUN_1400726e0	10
140073101	thunk_FUN_14007a273	5
1400755bb	FUN_1400755bb	7
1400755c2	FUN_1400755c2	7
1400758cb	FUN_1400758cb	8
1400758d3	FUN_1400758d3	8
1400758df	FUN_1400758df	10
1400758e9	thunk_FUN_14009339a	5
1400758f3	FUN_1400758f3	14
1400764ed	FUN_1400764ed	16
14007952a	thunk_FUN_1400758df	5
1400795ab	thunk_FUN_1400795b0	5
1400795b0	FUN_1400795b0	9
140079c31	FUN_140079c31	12
140079c3d	FUN_140079c3d	12
14007a25e	FUN_14007a25e	14
14007a26c	FUN_14007a26c	7
14007a273	FUN_14007a273	7
14007a27c	FUN_14007a27c	8
14007a284	FUN_14007a284	8
14007c98f	thunk_FUN_1400a36cb	5
14007c9a7	FUN_14007c9a7	6
14007c9ad	FUN_14007c9ad	6
140088b1b	FUN_140088b1b	16
140089657	FUN_140089657	8
14008965f	FUN_14008965f	8
14008b56d	FUN_14008b56d	14
14008e4b4	FUN_14008e4b4	16
14008e664	FUN_14008e664	16
140092a48	FUN_140092a48	8
140092a50	FUN_140092a50	8
140092a58	FUN_140092a58	11
140092a63	FUN_140092a63	11
14009339a	FUN_14009339a	11
1400933a5	FUN_1400933a5	11
1400934ce	FUN_1400934ce	16
1400934d9	FUN_1400934d9	11
140095b23	FUN_140095b23	12
140095b2f	FUN_140095b2f	12
140095ff7	FUN_140095ff7	12
14009c792	FUN_14009c792	9
14009c79b	FUN_14009c79b	9
1400a3298	FUN_1400a3298	9
1400a32a1	FUN_1400a32a1	9
1400a36cb	FUN_1400a36cb	8
1400a36d3	FUN_1400a36d3	8
1400a559a	FUN_1400a559a	37
1400be563	thunk_FUN_14007a273	5
1400be56d	thunk_FUN_14004a601	5
1400c0dd7	FUN_1400c0dd7	14
1400c62a5	thunk_FUN_1400a36cb	5
1400c657f	thunk_FUN_14009339a	5
1400d1191	FUN_1400d1191	10
1400d119b	thunk_FUN_1400758df	5
1400d62f7	FUN_1400d62f7	16
1400d8fe3	FUN_1400d8fe3	9
1400e2bac	thunk_FUN_14004a601	5
1400e353a	FUN_1400e353a	14
1400e389c	FUN_1400e389c	13
1400efa23	thunk_FUN_1400efa28	5
1400efa28	FUN_1400efa28	3024
140119c87	FUN_140119c87	6
140119c8d	FUN_140119c8d	6
140134ff6	thunk_FUN_140134ffb	5
140134ffb	FUN_140134ffb	3066
140175a7b	thunk_FUN_140175a80	5
140175a80	FUN_140175a80	2721
140177a7b	thunk_FUN_140177a80	5
140177a80	FUN_140177a80	2956
14017d5a0	thunk_FUN_14017d5a5	5
14017d5a5	FUN_14017d5a5	2928
1401956c4	thunk_FUN_1401956c9	5
1401956c9	FUN_1401956c9	2919
1401996c4	thunk_FUN_1401996c9	5
1401996c9	FUN_1401996c9	3022
14019b6c4	thunk_FUN_14019b6c9	5
14019b6c9	FUN_14019b6c9	2945
14019d6f8	FUN_14019d6f8	1
14019d80e	FUN_14019d80e	3
14019db20	FUN_14019db20	12
14019db73	FUN_14019db73	349
14019e28c	FUN_14019e28c	19
14019e406	FUN_14019e406	2
14019e5ae	FUN_14019e5ae	31
14019f1a9	FUN_14019f1a9	13
1401a0794	FUN_1401a0794	24
1401a0930	FUN_1401a0930	28
1401a0cb7	FUN_1401a0cb7	1
1401a0e27	FUN_1401a0e27	7
1401a10ee	FUN_1401a10ee	86
1401a12f8	FUN_1401a12f8	7
1401a150f	FUN_1401a150f	383
1401a171d	FUN_1401a171d	6
1401a1748	FUN_1401a1748	7
1401a1908	FUN_1401a1908	38
1401a1a8a	FUN_1401a1a8a	34
1401a1d5f	FUN_1401a1d5f	356
1401a24a0	FUN_1401a24a0	1
1401a33ff	FUN_1401a33ff	1
1401a3afd	FUN_1401a3afd	367
1401a3dea	FUN_1401a3dea	1
1401a407b	FUN_1401a407b	5
1401a44bb	FUN_1401a44bb	20
1401a46e8	FUN_1401a46e8	20
1401a5468	FUN_1401a5468	130
1401a55e3	FUN_1401a55e3	1
1401a7567	FUN_1401a7567	5
1401a761a	FUN_1401a761a	17
1401a7d8b	FUN_1401a7d8b	1
1401a7f88	FUN_1401a7f88	1
1401a81d6	FUN_1401a81d6	415
1401a84ef	FUN_1401a84ef	1
1401a87a4	FUN_1401a87a4	35
1401a8d50	FUN_1401a8d50	38
1401a8fb3	FUN_1401a8fb3	41
1401a9227	FUN_1401a9227	54
1401a940f	FUN_1401a940f	1
1401a9712	FUN_1401a9712	6
1401a9aac	FUN_1401a9aac	28
1401a9c49	FUN_1401a9c49	39
1401a9e9e	FUN_1401a9e9e	23
1401aa0ae	FUN_1401aa0ae	1
1401aa30f	FUN_1401aa30f	54
1401aabf9	FUN_1401aabf9	49
1401aaf40	FUN_1401aaf40	14
1401ab4c6	FUN_1401ab4c6	7
1401ab7d3	FUN_1401ab7d3	6
1401abc3c	FUN_1401abc3c	324
1401ac177	FUN_1401ac177	8
1401ac34b	FUN_1401ac34b	1
1401ac503	FUN_1401ac503	21
1401ac83e	FUN_1401ac83e	8
1401acb35	FUN_1401acb35	24
1401acf00	FUN_1401acf00	357
1401ad0af	FUN_1401ad0af	43
1401ad3bd	FUN_1401ad3bd	58
1401ad551	FUN_1401ad551	37
1401ad7b1	FUN_1401ad7b1	18
1401ae09a	FUN_1401ae09a	11
1401ae2c7	FUN_1401ae2c7	9
1401ae557	FUN_1401ae557	17
1401ae897	FUN_1401ae897	370
1401aec3b	FUN_1401aec3b	9
1401aedaf	FUN_1401aedaf	3
1401af1a2	FUN_1401af1a2	40
1401af42b	FUN_1401af42b	33
1401af672	FUN_1401af672	334
1401afd3b	FUN_1401afd3b	17
1401b00cb	FUN_1401b00cb	8
1401b03b0	FUN_1401b03b0	2
1401b0733	FUN_1401b0733	383
1401b096e	FUN_1401b096e	4
1401b0b65	FUN_1401b0b65	29
1401b0d4b	FUN_1401b0d4b	21
1401b0ef2	FUN_1401b0ef2	48
1401b1249	FUN_1401b1249	331
1401b1569	FUN_1401b1569	389
1401b18a6	FUN_1401b18a6	21
1401b1aa7	FUN_1401b1aa7	12
1401b1b73	FUN_1401b1b73	409
1401b1cf3	FUN_1401b1cf3	1
1401b1ef0	FUN_1401b1ef0	1
1401b21e7	FUN_1401b21e7	1
1401b288b	FUN_1401b288b	3
1401b2c79	FUN_1401b2c79	37
1401b305d	FUN_1401b305d	29
1401b362b	FUN_1401b362b	22
1401b3881	FUN_1401b3881	15
1401b3caf	FUN_1401b3caf	13
1401b4346	FUN_1401b4346	22
1401b4971	FUN_1401b4971	5
1401b4c96	FUN_1401b4c96	67
1401b4f32	FUN_1401b4f32	348
1401b5405	FUN_1401b5405	15
1401b562d	FUN_1401b562d	15
1401b5a7f	FUN_1401b5a7f	45
1401b5cb1	FUN_1401b5cb1	27
1401b5eb0	FUN_1401b5eb0	4
1401b625e	FUN_1401b625e	323
1401b66b3	FUN_1401b66b3	4
1401b686f	FUN_1401b686f	9
1401b6a2f	FUN_1401b6a2f	1
1401b6f59	FUN_1401b6f59	1
1401b7106	FUN_1401b7106	4
1401b7354	FUN_1401b7354	10
1401b76d4	FUN_1401b76d4	5
1401b788c	FUN_1401b788c	101
1401b7c48	FUN_1401b7c48	35
1401b7ced	FUN_1401b7ced	38
1401b8594	FUN_1401b8594	11
1401b8759	FUN_1401b8759	13
1401b8b37	FUN_1401b8b37	392
1401b8e34	FUN_1401b8e34	1
1401b9033	FUN_1401b9033	5
1401b92f0	FUN_1401b92f0	1
1401b95af	FUN_1401b95af	5
1401b977c	FUN_1401b977c	3
1401b98da	FUN_1401b98da	16
1401ba108	FUN_1401ba108	31
1401ba488	FUN_1401ba488	49
1401ba807	FUN_1401ba807	9
1401bab13	FUN_1401bab13	1
1401bab4c	FUN_1401bab4c	11
1401bad7b	FUN_1401bad7b	40
1401bb0a8	FUN_1401bb0a8	15
1401bb2cf	FUN_1401bb2cf	2
1401bb609	FUN_1401bb609	43
1401bb7eb	FUN_1401bb7eb	56
1401bb87d	FUN_1401bb87d	392
1401bb9ea	FUN_1401bb9ea	1
1401bbbd2	FUN_1401bbbd2	68
1401bc2b0	FUN_1401bc2b0	20
1401bc784	FUN_1401bc784	28
1401bc942	FUN_1401bc942	8
1401bc9d9	FUN_1401bc9d9	10
1401bcd9e	FUN_1401bcd9e	295
1401bcf01	FUN_1401bcf01	25
1401bd463	FUN_1401bd463	1
1401bd9b0	FUN_1401bd9b0	8
1401bdfea	FUN_1401bdfea	1
1401be190	FUN_1401be190	1
1401be360	FUN_1401be360	318
1401be68b	FUN_1401be68b	41
1401beb21	FUN_1401beb21	23
1401bed43	FUN_1401bed43	63
1401bf1fc	FUN_1401bf1fc	2
1401bf604	FUN_1401bf604	358
1401bf91e	FUN_1401bf91e	11
1401bfc5f	FUN_1401bfc5f	2
1401bff0f	FUN_1401bff0f	391
1401c01b5	FUN_1401c01b5	18
1401c0330	FUN_1401c0330	1
1401c066c	FUN_1401c066c	5
1401c0813	FUN_1401c0813	14
1401c09d5	FUN_1401c09d5	24
1401c0b0e	FUN_1401c0b0e	7
1401c0cdc	FUN_1401c0cdc	17
1401c1129	FUN_1401c1129	2
1401c13ba	FUN_1401c13ba	13
1401c1505	FUN_1401c1505	19
1401c16e6	FUN_1401c16e6	1
1401c196b	FUN_1401c196b	16
1401c1bdc	FUN_1401c1bdc	359
1401c1c05	FUN_1401c1c05	13
1401c1f8d	FUN_1401c1f8d	11
1401c21a2	FUN_1401c21a2	67
1401c2b97	FUN_1401c2b97	32
1401c2e35	FUN_1401c2e35	8
1401c2fdb	FUN_1401c2fdb	13
1401c3528	FUN_1401c3528	1
1401c3889	FUN_1401c3889	1
1401c3c8d	FUN_1401c3c8d	355
1401c415e	FUN_1401c415e	1
1401c4403	FUN_1401c4403	1
1401c465a	FUN_1401c465a	8
1401c47dd	FUN_1401c47dd	25
1401c4aa7	FUN_1401c4aa7	417
1401c4cb9	FUN_1401c4cb9	19
1401c4f8b	FUN_1401c4f8b	348
1401c50d2	FUN_1401c50d2	32
1401c5840	FUN_1401c5840	10
1401c5a7b	FUN_1401c5a7b	15
1401c60c9	FUN_1401c60c9	9
1401c6321	FUN_1401c6321	444
1401c65d3	FUN_1401c65d3	14
1401c6794	FUN_1401c6794	32
1401c6dfb	FUN_1401c6dfb	5
1401c6f6f	FUN_1401c6f6f	13
1401c7279	FUN_1401c7279	4
1401c73cc	FUN_1401c73cc	37
1401c7891	FUN_1401c7891	12
1401c7cb1	FUN_1401c7cb1	318
1401c8204	FUN_1401c8204	1
1401c8470	FUN_1401c8470	3
1401c850f	FUN_1401c850f	1
1401c87b7	FUN_1401c87b7	11
1401c8a8c	FUN_1401c8a8c	1
1401c8d55	FUN_1401c8d55	20
1401c91c5	FUN_1401c91c5	371
1401c957c	FUN_1401c957c	1
1401c9eac	FUN_1401c9eac	324
1401ca41e	FUN_1401ca41e	27
1401ca76a	FUN_1401ca76a	13
1401cab64	FUN_1401cab64	33
1401cad2c	FUN_1401cad2c	11
1401cb67c	FUN_1401cb67c	1
1401cb8f3	FUN_1401cb8f3	15
1401cbe30	FUN_1401cbe30	346
1401cc6ae	FUN_1401cc6ae	1
1401cce59	FUN_1401cce59	60
1401cd2ec	FUN_1401cd2ec	1
1401cd4f8	FUN_1401cd4f8	1
1401cd898	FUN_1401cd898	343
1401cdb82	FUN_1401cdb82	1
1401cde86	FUN_1401cde86	17
1401ce13f	FUN_1401ce13f	7
1401ce360	FUN_1401ce360	1
1401ce5af	FUN_1401ce5af	393
1401ce7c9	FUN_1401ce7c9	361
1401ceb5c	FUN_1401ceb5c	416
1401ced53	FUN_1401ced53	1
1401ceede	FUN_1401ceede	9
1401cf0ca	FUN_1401cf0ca	62
1401cf34a	FUN_1401cf34a	26
1401cf79f	FUN_1401cf79f	5
1401cfce8	FUN_1401cfce8	435
1401cff2d	FUN_1401cff2d	24
1401d01f5	FUN_1401d01f5	13
1401d03e2	FUN_1401d03e2	24
1401d07da	FUN_1401d07da	4
1401d09c0	FUN_1401d09c0	53
1401d0a49	FUN_1401d0a49	5
1401d0c79	FUN_1401d0c79	15
1401d10eb	FUN_1401d10eb	1
1401d12fe	FUN_1401d12fe	26
1401d18a4	FUN_1401d18a4	7
1401d1ae0	FUN_1401d1ae0	364
1401d20d4	FUN_1401d20d4	7
1401d241e	FUN_1401d241e	21
1401d259d	FUN_1401d259d	12
1401d2720	FUN_1401d2720	2
1401d2abd	FUN_1401d2abd	41
1401d2df5	FUN_1401d2df5	18
1401d3079	FUN_1401d3079	277
1401d322e	FUN_1401d322e	28
1401d35e4	FUN_1401d35e4	25
1401d39a0	FUN_1401d39a0	38
1401d40c4	FUN_1401d40c4	21
1401d4374	FUN_1401d4374	4
1401d46ed	FUN_1401d46ed	17
1401d4873	FUN_1401d4873	12
1401d50e1	FUN_1401d50e1	32
1401d52c8	FUN_1401d52c8	1
1401d5673	FUN_1401d5673	25
1401d5a77	FUN_1401d5a77	1
1401d5e69	FUN_1401d5e69	2
1401d604a	FUN_1401d604a	1
1401d6320	FUN_1401d6320	29
1401d6410	FUN_1401d6410	4
1401d6562	FUN_1401d6562	2
1401d6f5b	FUN_1401d6f5b	1
1401d7560	FUN_1401d7560	44
1401d775d	FUN_1401d775d	11
1401d77c2	FUN_1401d77c2	6
1401d7a60	FUN_1401d7a60	54
1401d7b05	FUN_1401d7b05	427
1401d8502	FUN_1401d8502	1
1401d8de6	FUN_1401d8de6	8
1401d8dee	FUN_1401d8dee	16
1401d926a	FUN_1401d926a	31
1401d94a4	FUN_1401d94a4	2
1401d960c	FUN_1401d960c	364
1401d985a	FUN_1401d985a	9
1401d9b6d	FUN_1401d9b6d	1
1401d9dda	FUN_1401d9dda	6
1401da0ac	FUN_1401da0ac	363
1401da377	FUN_1401da377	347
1401da594	FUN_1401da594	338
1401daec6	FUN_1401daec6	25
1401db526	FUN_1401db526	57
1401db616	FUN_1401db616	7
1401db9d4	FUN_1401db9d4	54
1401dbad8	FUN_1401dbad8	25
1401dbeb3	FUN_1401dbeb3	377
1401dc0ec	FUN_1401dc0ec	15
1401dc354	FUN_1401dc354	9
1401dc401	FUN_1401dc401	1
1401dc63c	FUN_1401dc63c	1
1401dc91b	FUN_1401dc91b	7
1401dcd61	FUN_1401dcd61	16
1401dd004	FUN_1401dd004	400
1401dd480	FUN_1401dd480	37
1401dd903	FUN_1401dd903	42
1401ddcf5	FUN_1401ddcf5	53
1401ddeb9	FUN_1401ddeb9	25
1401de148	FUN_1401de148	397
1401de2d0	FUN_1401de2d0	21
1401de459	FUN_1401de459	40
1401dea55	FUN_1401dea55	10
1401def3f	FUN_1401def3f	1
1401df62e	FUN_1401df62e	41
1401df93b	FUN_1401df93b	382
1401dfd14	FUN_1401dfd14	33
1401e0128	FUN_1401e0128	1
1401e03cd	FUN_1401e03cd	21
1401e05f2	FUN_1401e05f2	11
1401e0860	FUN_1401e0860	3
1401e0dc0	FUN_1401e0dc0	11
1401e1076	FUN_1401e1076	23
1401e1375	FUN_1401e1375	340
1401e17e1	FUN_1401e17e1	3
1401e1984	FUN_1401e1984	5
1401e19cd	FUN_1401e19cd	15
1401e1c6e	FUN_1401e1c6e	1
1401e2117	FUN_1401e2117	37
1401e2398	FUN_1401e2398	31
1401e25ea	FUN_1401e25ea	4
1401e288c	FUN_1401e288c	18
1401e2b59	FUN_1401e2b59	16
1401e3149	FUN_1401e3149	382
1401e3674	FUN_1401e3674	327
1401e38a3	FUN_1401e38a3	8
1401e3e06	FUN_1401e3e06	36
1401e4602	FUN_1401e4602	3
1401e48f5	FUN_1401e48f5	1
1401e4ab2	FUN_1401e4ab2	26
1401e4c27	FUN_1401e4c27	39
1401e4f19	FUN_1401e4f19	2
1401e51d7	FUN_1401e51d7	405
1401e5680	FUN_1401e5680	1
1401e5a6a	FUN_1401e5a6a	367
1401e5f67	FUN_1401e5f67	38
1401e65f8	FUN_1401e65f8	2
1401e7105	FUN_1401e7105	42
1401e7132	FUN_1401e7132	8
1401e7355	FUN_1401e7355	1
1401e77f9	FUN_1401e77f9	1
1401e794d	FUN_1401e794d	33
1401e7bd1	FUN_1401e7bd1	1
1401e8187	FUN_1401e8187	382
1401e84ec	FUN_1401e84ec	12
1401e86dc	FUN_1401e86dc	45
1401e89a2	FUN_1401e89a2	27
1401e8a39	FUN_1401e8a39	14
1401e8d37	FUN_1401e8d37	8
1401e95f8	FUN_1401e95f8	17
1401e9934	FUN_1401e9934	2
1401e9b6b	FUN_1401e9b6b	34
1401e9ea7	FUN_1401e9ea7	21
1401ea339	FUN_1401ea339	1
1401ea35c	FUN_1401ea35c	5
1401ea9c7	FUN_1401ea9c7	13
1401eae1e	FUN_1401eae1e	380
1401eb1c5	FUN_1401eb1c5	462
1401eb460	FUN_1401eb460	2
1401eb998	FUN_1401eb998	3
1401eba65	FUN_1401eba65	33
1401ebd1a	FUN_1401ebd1a	7
1401ec174	FUN_1401ec174	25
1401ec3af	FUN_1401ec3af	18
1401ec920	FUN_1401ec920	432
1401ecc44	FUN_1401ecc44	3
1401ecfef	FUN_1401ecfef	6
1401ed1ee	FUN_1401ed1ee	11
1401ed5ff	FUN_1401ed5ff	4
1401edab4	FUN_1401edab4	6
1401ee2b8	FUN_1401ee2b8	13
1401ee493	FUN_1401ee493	12
1401ee649	FUN_1401ee649	91
1401eee08	FUN_1401eee08	27
1401ef84b	FUN_1401ef84b	81
1401ef8c9	FUN_1401ef8c9	11
1401efb6b	FUN_1401efb6b	42
1401efe92	FUN_1401efe92	11
1401f017d	FUN_1401f017d	394
1401f0660	FUN_1401f0660	16
1401f09f2	FUN_1401f09f2	374
1401f0c51	FUN_1401f0c51	1
1401f0e37	FUN_1401f0e37	38
1401f12b1	FUN_1401f12b1	1
1401f151b	FUN_1401f151b	347
1401f17db	FUN_1401f17db	14
1401f1a2f	FUN_1401f1a2f	350
1401f1d28	FUN_1401f1d28	30
1401f1eef	FUN_1401f1eef	27
1401f2348	FUN_1401f2348	1
1401f26f5	FUN_1401f26f5	10
1401f2afc	FUN_1401f2afc	13
1401f2d71	FUN_1401f2d71	11
1401f2feb	FUN_1401f2feb	1
1401f3224	FUN_1401f3224	10
1401f3247	FUN_1401f3247	30
1401f34a7	FUN_1401f34a7	374
1401f37e1	FUN_1401f37e1	1
1401f3a08	FUN_1401f3a08	38
1401f3c9b	FUN_1401f3c9b	34
1401f4035	FUN_1401f4035	11
1401f41ae	FUN_1401f41ae	21
1401f436f	FUN_1401f436f	400
1401f4751	FUN_1401f4751	17
1401f496b	FUN_1401f496b	156
1401f4bd7	FUN_1401f4bd7	22
1401f4f2b	FUN_1401f4f2b	1
1401f5a4b	FUN_1401f5a4b	2
1401f5dc5	FUN_1401f5dc5	8
1401f6665	FUN_1401f6665	27
1401f69a6	FUN_1401f69a6	20
1401f6bc1	FUN_1401f6bc1	1
1401f6c20	FUN_1401f6c20	7
1401f718e	FUN_1401f718e	360
1401f738c	FUN_1401f738c	1
1401f7726	FUN_1401f7726	33
1401f7939	FUN_1401f7939	1
1401f7bd4	FUN_1401f7bd4	365
1401f7e43	FUN_1401f7e43	23
1401f8028	FUN_1401f8028	1
1401f82fa	FUN_1401f82fa	169
1401f8987	FUN_1401f8987	26
1401f8d41	FUN_1401f8d41	24
1401f90bd	FUN_1401f90bd	24
1401f9230	FUN_1401f9230	43
1401f97f6	FUN_1401f97f6	26
1401f9ec7	FUN_1401f9ec7	3
1401fa0fe	FUN_1401fa0fe	403
1401fa38d	FUN_1401fa38d	22
1401fa86e	FUN_1401fa86e	22
1401fab5b	FUN_1401fab5b	294
1401fae98	FUN_1401fae98	8
1401fb047	FUN_1401fb047	10
1401fb07e	FUN_1401fb07e	355
1401fb415	FUN_1401fb415	391
1401fb61e	FUN_1401fb61e	1
1401fbb1e	FUN_1401fbb1e	383
1401fbcfe	FUN_1401fbcfe	19
1401fbece	FUN_1401fbece	4
1401fc15b	FUN_1401fc15b	1
1401fc32c	FUN_1401fc32c	1
1401fc613	FUN_1401fc613	1
1401fc947	FUN_1401fc947	9
1401fcc88	FUN_1401fcc88	11
1401fd37d	FUN_1401fd37d	15
1401fdba2	FUN_1401fdba2	1
1401fe034	FUN_1401fe034	29
1401fe34f	FUN_1401fe34f	1
1401fe6aa	FUN_1401fe6aa	16
1401fe969	FUN_1401fe969	4
1401fec7b	FUN_1401fec7b	404
1401ff19a	FUN_1401ff19a	1
1401ff576	FUN_1401ff576	11
1401ff9fa	FUN_1401ff9fa	3
140200005	FUN_140200005	3
1402002c3	FUN_1402002c3	9
1402005f7	FUN_1402005f7	8
140200953	FUN_140200953	14
140200fe5	FUN_140200fe5	352
1402011bc	FUN_1402011bc	359
14020178e	FUN_14020178e	10
140201f4b	FUN_140201f4b	2
14020264b	FUN_14020264b	21
1402029f8	FUN_1402029f8	18
140202ee7	FUN_140202ee7	1
1402037e0	FUN_1402037e0	6
1402039a7	FUN_1402039a7	373
140203e30	FUN_140203e30	54
140204332	FUN_140204332	402
140204621	FUN_140204621	55
140204f83	FUN_140204f83	405
1402052af	FUN_1402052af	391
140205426	FUN_140205426	1
1402057bd	FUN_1402057bd	371
140205cfc	FUN_140205cfc	11
140206083	FUN_140206083	14
14020676f	FUN_14020676f	22
1402068b7	FUN_1402068b7	9
140206a9e	FUN_140206a9e	1
140206d2e	FUN_140206d2e	11
140206f0d	FUN_140206f0d	1
140207105	FUN_140207105	8
14020758e	FUN_14020758e	35
140207768	FUN_140207768	11
1402079b9	FUN_1402079b9	30
140208189	FUN_140208189	1
140208707	FUN_140208707	22
1402089fb	FUN_1402089fb	1
140208c81	FUN_140208c81	72
140208f7d	FUN_140208f7d	3
140209128	FUN_140209128	16
140209146	FUN_140209146	35
14020975f	FUN_14020975f	1
140209ac1	FUN_140209ac1	34
140209ca5	FUN_140209ca5	400
14020a00f	FUN_14020a00f	409
14020a2c6	FUN_14020a2c6	18
14020a4cb	FUN_14020a4cb	44
14020ad8b	FUN_14020ad8b	1
14020afda	FUN_14020afda	34
14020b3c2	FUN_14020b3c2	13
14020b3f1	FUN_14020b3f1	27
14020bfbf	FUN_14020bfbf	32
14020c214	FUN_14020c214	12
14020c8e5	FUN_14020c8e5	314
14020cd8b	FUN_14020cd8b	8
14020d0ee	FUN_14020d0ee	1
14020d274	FUN_14020d274	18
14020d466	FUN_14020d466	15
14020d612	FUN_14020d612	336
14020daf7	FUN_14020daf7	11
14020dd53	FUN_14020dd53	1
14020df6b	FUN_14020df6b	357
14020e237	FUN_14020e237	14
14020e6bf	FUN_14020e6bf	336
1402121b3	FUN_1402121b3	322
140212428	FUN_140212428	9
140212e14	FUN_140212e14	437
140212fd5	FUN_140212fd5	2
1402131c3	FUN_1402131c3	14
140213590	FUN_140213590	32
14021384c	FUN_14021384c	1
140213a54	FUN_140213a54	18
140213cba	FUN_140213cba	451
140213ec6	FUN_140213ec6	27
140214273	FUN_140214273	8
1402147db	FUN_1402147db	24
140214b13	FUN_140214b13	385
140215000	FUN_140215000	36
1402151f6	FUN_1402151f6	3
140215d51	FUN_140215d51	6
140215fa0	FUN_140215fa0	61
1402161cd	FUN_1402161cd	8
140216540	FUN_140216540	382
140216741	FUN_140216741	1
140217024	FUN_140217024	11
14021723b	FUN_14021723b	12
140217410	FUN_140217410	5
140217655	FUN_140217655	5
140217946	FUN_140217946	12
140217da7	FUN_140217da7	339
140218036	FUN_140218036	1
1402183dc	FUN_1402183dc	395
14021877c	FUN_14021877c	4
140218c6a	FUN_140218c6a	18
140218e5a	FUN_140218e5a	31
14021931b	FUN_14021931b	301
14021987d	FUN_14021987d	52
140219ab0	FUN_140219ab0	450
140219eb2	FUN_140219eb2	6
14021a3a2	FUN_14021a3a2	3
14021a726	FUN_14021a726	344
14021a8fb	FUN_14021a8fb	1
14021aeb2	FUN_14021aeb2	3
14021b424	FUN_14021b424	328
14021b8a5	FUN_14021b8a5	15
14021bc07	FUN_14021bc07	4
14021c2a4	FUN_14021c2a4	10
14021c983	FUN_14021c983	303
14021cdef	FUN_14021cdef	1
14021d89d	FUN_14021d89d	9
14021dd1e	FUN_14021dd1e	8
14021e18f	FUN_14021e18f	356
14021eec3	FUN_14021eec3	41
14021f8e4	FUN_14021f8e4	4
14021fdfe	FUN_14021fdfe	393
1402207dd	FUN_1402207dd	19
1402213fa	FUN_1402213fa	38
140221e5f	FUN_140221e5f	3
1402223d0	FUN_1402223d0	3
140222b77	FUN_140222b77	60
140223566	FUN_140223566	340
140223ba2	FUN_140223ba2	18
140224460	FUN_140224460	410
1402251c2	FUN_1402251c2	456
14022549c	FUN_14022549c	1
14022565e	FUN_14022565e	9
140225def	FUN_140225def	7
1402266c5	FUN_1402266c5	374
140226988	FUN_140226988	4
140226d0f	FUN_140226d0f	1
140226ec9	FUN_140226ec9	1
1402274ac	FUN_1402274ac	3
14022778d	FUN_14022778d	338
140227b29	FUN_140227b29	1
140228448	FUN_140228448	332
140228896	FUN_140228896	333
140229295	FUN_140229295	339
140229452	FUN_140229452	8
1402299a1	FUN_1402299a1	395
140229df1	FUN_140229df1	24
140229fa2	FUN_140229fa2	313
14022a50b	FUN_14022a50b	17
14022a9ae	FUN_14022a9ae	22
14022ac2f	FUN_14022ac2f	397
14022af1d	FUN_14022af1d	2
14022b211	FUN_14022b211	37
14022b898	FUN_14022b898	14
14022ba4a	FUN_14022ba4a	2
14022bf3f	FUN_14022bf3f	326
14022c277	FUN_14022c277	2
14022c7c4	FUN_14022c7c4	68
14022c9f4	FUN_14022c9f4	27
14022cb0d	FUN_14022cb0d	23
14022ccea	FUN_14022ccea	1
14022cf34	FUN_14022cf34	3
14022d726	FUN_14022d726	20
14022d96f	FUN_14022d96f	1
14022dc6a	FUN_14022dc6a	18
14022ddf1	FUN_14022ddf1	1
14022e402	FUN_14022e402	35
14022e762	FUN_14022e762	11
14022e9a8	FUN_14022e9a8	8
14022eb74	FUN_14022eb74	37
14022ee7f	FUN_14022ee7f	13
14022f23f	FUN_14022f23f	411
14022f4bf	FUN_14022f4bf	380
14022f7a9	FUN_14022f7a9	5
14022f914	FUN_14022f914	43
14022fb84	FUN_14022fb84	320
14022fda7	FUN_14022fda7	5
14023005f	FUN_14023005f	2
140230330	FUN_140230330	3
14023065e	FUN_14023065e	403
140230828	FUN_140230828	9
140230c1c	FUN_140230c1c	10
140231114	FUN_140231114	17
140231299	FUN_140231299	30
140231992	FUN_140231992	37
1402321d7	FUN_1402321d7	8
14023236a	FUN_14023236a	13
140232869	FUN_140232869	38
140232e86	FUN_140232e86	9
1402331c6	FUN_1402331c6	314
140233769	FUN_140233769	355
140233b4d	FUN_140233b4d	10
140234e7a	FUN_140234e7a	18
14023514b	FUN_14023514b	38
14023530d	FUN_14023530d	4
14023587d	FUN_14023587d	23
140235bc4	FUN_140235bc4	1
140235f26	FUN_140235f26	12
140236336	FUN_140236336	26
140236740	FUN_140236740	6
140236ad7	FUN_140236ad7	15
140236cb2	FUN_140236cb2	12
14023768d	FUN_14023768d	396
140237be1	FUN_140237be1	5
140238399	FUN_140238399	36
140238595	FUN_140238595	13
1402399a4	FUN_1402399a4	361
140239ece	FUN_140239ece	35
14023a7e4	FUN_14023a7e4	24
14023ace5	FUN_14023ace5	11
14023b5df	FUN_14023b5df	377
14023d19c	FUN_14023d19c	9
140290120	FUN_140290120	80
140290170	~CWnd	7
140290180	FUN_140290180	8
140290190	FUN_140290190	192
140290250	FUN_140290250	79
1402902a0	FUN_1402902a0	108
140290310	FUN_140290310	69
140290360	FUN_140290360	8
140290370	FUN_140290370	192
140290430	FUN_140290430	52
140290470	FUN_140290470	622
1402906e0	FUN_1402906e0	43
140290710	FUN_140290710	8
140290720	FUN_140290720	272
140290830	FUN_140290830	79
140290880	FUN_140290880	163
140290930	FUN_140290930	174
1402909e0	FUN_1402909e0	8
1402909f0	FUN_1402909f0	389
140290b80	FUN_140290b80	258
140290c90	FUN_140290c90	925
140291030	FUN_140291030	315
140291170	FUN_140291170	85
1402911d0	FUN_1402911d0	396
140291360	FUN_140291360	295
140291490	FUN_140291490	209
140291570	FUN_140291570	202
140291640	FUN_140291640	8
140291650	FUN_140291650	79
1402916a0	FUN_1402916a0	108
140291710	FUN_140291710	69
140291760	FUN_140291760	8
140291770	FUN_140291770	212
140291850	FUN_140291850	36
140291880	FUN_140291880	136
140291910	FUN_140291910	74
140291960	FUN_140291960	1490
140291f32	operator_delete	6
140291f38	operator_new	6
140291f3e	GetThisMessageMap	6
140291f44	OnCommand	6
140291f4a	PreTranslateMessage	6
140291f50	GetMessageMap	6
140291f56	GetOccDialogInfo	6
140291f5c	SetOccDialogInfo	6
140291f62	CreateControlSite	6
140291f68	CreateControlContainer	6
140291f6e	OnFinalRelease	6
140291f74	IsFrameWnd	6
140291f7a	CheckAutoCenter	6
140291f80	ResizeDynamicLayout	6
140291f86	OnGesturePressAndTap	6
140291f8c	OnGestureTwoFingerTap	6
140291f92	OnGestureRotate	6
140291f98	OnGesturePan	6
140291f9e	OnGestureZoom	6
140291fa4	GetGestureStatus	6
140291faa	OnTouchInput	6
140291fb0	OnTouchInputs	6
140291fb6	OnChildNotify	6
140291fbc	PostNcDestroy	6
140291fc2	DefWindowProcW	6
140291fc8	OnWndMsg	6
140291fce	WindowProc	6
140291fd4	OnAmbientProperty	6
140291fda	PreTranslateMessage	6
140291fe0	GetSuperWndProcAddr	6
140291fe6	OnNotify	6
140291fec	OnCommand	6
140291ff2	CreateAccessibleProxy	6
140291ff8	SetProxy	6
140291ffe	put_accValue	6
140292004	put_accName	6
14029200a	accDoDefaultAction	6
140292010	accHitTest	6
140292016	accNavigate	6
14029201c	accLocation	6
140292022	accSelect	6
140292028	get_accDefaultAction	6
14029202e	get_accSelection	6
140292034	get_accFocus	6
14029203a	get_accKeyboardShortcut	6
140292040	get_accHelpTopic	6
140292046	get_accHelp	6
14029204c	get_accState	6
140292052	get_accRole	6
140292058	get_accDescription	6
14029205e	get_accValue	6
140292064	get_accName	6
14029206a	get_accChild	6
140292070	get_accChildCount	6
140292076	get_accParent	6
14029207c	EnsureStdObj	6
140292082	GetInterfaceMap	6
140292088	OnDrawIconicThumbnailOrLivePreview	6
14029208e	EndModalLoop	6
140292094	ContinueModal	6
14029209a	WinHelpInternal	6
1402920a0	HtmlHelpW	6
1402920a6	WinHelpW	6
1402920ac	GetScrollBarCtrl	6
1402920b2	OnToolHitTest	6
1402920b8	SetMenu	6
1402920be	GetMenu	6
1402920c4	CalcWindowRect	6
1402920ca	PreCreateWindow	6
1402920d0	DestroyWindow	6
1402920d6	CreateEx	6
1402920dc	CreateEx	6
1402920e2	Create	6
1402920e8	PreSubclassWindow	6
1402920ee	PreInitDialog	6
1402920f4	GetOccDialogInfo	6
1402920fa	SetOccDialogInfo	6
140292100	CheckAutoCenter	6
140292106	OnCmdMsg	6
14029210c	OnCancel	6
140292112	OnOK	6
140292118	OnSetFont	6
14029211e	DoModal	6
140292124	CreateIndirect	6
14029212a	CreateIndirect	6
140292130	Create	6
140292136	OnChildNotify	6
14029213c	CharToItem	6
140292142	VKeyToItem	6
140292148	DeleteItem	6
14029214e	CompareItem	6
140292154	MeasureItem	6
14029215a	DrawItem	6
140292160	Create	6
140292166	GetRuntimeClass	6
14029216c	GetRuntimeClass	6
140292172	GetConnectionHook	6
140292178	GetExtraConnectionPoints	6
14029217e	GetInterfaceHook	6
140292184	OnCreateAggregates	6
14029218a	GetEventSinkMap	6
140292190	GetConnectionMap	6
140292196	GetDispatchMap	6
14029219c	GetCommandMap	6
1402921a2	GetTypeLib	6
1402921a8	GetTypeLibCache	6
1402921ae	GetTypeInfoCount	6
1402921b4	GetDispatchIID	6
1402921ba	IsInvokeAllowed	6
1402921c0	OnCmdMsg	6
1402921c6	OnChildNotify	6
1402921cc	DeleteItem	6
1402921d2	CompareItem	6
1402921d8	MeasureItem	6
1402921de	DrawItem	6
1402921e4	Create	6
1402921ea	GetRuntimeClass	6
1402921f0	GetRuntimeClass	6
1402921f6	GetThisMessageMap	6
1402921fc	PreTranslateMessage	6
140292202	GetRuntimeClass	6
140292208	OnChildNotify	6
14029220e	DrawItem	6
140292214	Create	6
14029221a	GetRuntimeClass	6
140292220	GetRuntimeClass	6
140292226	GetThisMessageMap	6
14029222c	OnChildNotify	6
140292232	DrawItem	6
140292238	Create	6
14029223e	GetRuntimeClass	6
140292244	CreateEx	6
14029224a	Create	6
140292250	GetRuntimeClass	6
140292256	AfxGetModuleState	6
14029225c	Delete	6
140292262	GetMainWnd	6
140292268	ProcessMessageFilter	6
14029226e	IsIdleMessage	6
140292274	PumpMessage	6
14029227a	PreTranslateMessage	6
140292280	LoadSysPolicies	6
14029228c	LoadAppLangResourceDLL	6
140292292	ProcessWndProcException	6
140292298	OnIdle	6
14029229e	Run	6
1402922a4	RestartInstance	6
1402922aa	ExitInstance	6
1402922b0	IsTaskbarInteractionEnabled	6
1402922b6	GetDataRecoveryHandler	6
1402922c2	ApplicationRecoveryCallback	6
1402922c8	RegisterWithRestartManager	6
1402922ce	RegisterWithRestartManager	6
1402922d4	WinHelpInternal	6
1402922da	HtmlHelpW	6
1402922e0	WinHelpW	6
1402922e6	OnDDECommand	6
1402922ec	DoWaitCursor	6
1402922f2	DoMessageBox	6
1402922f8	SaveAllModified	6
1402922fe	InitApplication	6
140292304	AddToRecentFileList	6
14029230a	OpenDocumentFile	6
140292310	OpenDocumentFile	6
140292316	Unregister	6
14029231c	Register	6
140292322	InitLibId	6
140292328	WriteProfileBinary	6
14029232e	GetProfileBinary	6
140292334	WriteProfileStringW	6
14029233a	GetProfileStringW	6
140292340	WriteProfileInt	6
140292346	GetProfileIntW	6
14029234c	GetRuntimeClass	6
140292352	GetInterfaceMap	6
140292358	OnFinalRelease	6
14029235e	GetRuntimeClass	6
140292364	GetMessageMap	6
140292370	OnChildNotify	6
140292376	DrawItem	6
14029237c	CreateEx	6
140292382	Create	6
140292388	GetRuntimeClass	6
14029238e	GetRuntimeClass	6
140292394	FUN_140292394	23
1402923a8	FUN_1402923a8	185
140292464	FUN_140292464	16
140292474	FUN_140292474	25
140292490	FUN_140292490	330
1402925fc	entry	18
140292620	__security_check_cookie	33
140292644	FUN_140292644	284
140292764	FUN_140292764	40
14029278c	`eh_vector_destructor_iterator'	105
1402927f8	__ArrayUnwind	98
14029285c	__scrt_acquire_startup_lock	57
140292898	__scrt_initialize_crt	73
1402928e4	FUN_1402928e4	200
1402929b0	__scrt_is_nonwritable_in_current_image	151
140292a4c	__scrt_release_startup_lock	36
140292a70	__scrt_uninitialize_crt	43
140292a9c	_onexit	79
140292aec	atexit	23
140292b04	FUN_140292b04	5
140292b0c	FUN_140292b0c	43
140292b38	__raise_securityfailure	52
140292b6c	__report_gsfailure	209
140292c40	__report_rangecheckfailure	19
140292c54	__report_securityfailure	155
140292cf0	capture_current_context	109
140292d60	capture_previous_context	113
140292dd4	_guard_check_icall	7
140292ddc	__security_init_cookie	172
140292e88	FUN_140292e88	6
140292e90	FUN_140292e90	6
140292e98	FUN_140292e98	14
140292ea8	FUN_140292ea8	8
140292eb0	FUN_140292eb0	27
140292ecc	FUN_140292ecc	12
140292ed8	FUN_140292ed8	8
140292ee0	FUN_140292ee0	8
140292ee8	__scrt_fastfail	325
140293030	__scrt_get_show_window_mode	60
14029306c	__scrt_is_managed_app	84
1402930c0	FUN_1402930c0	14
1402930d0	FUN_1402930d0	55
140293108	FUN_140293108	74
140293154	FUN_140293154	74
1402931a0	__isa_available_init	454
140293368	__scrt_is_ucrt_dll_in_use	12
140293374	__GSHandlerCheck	29
140293394	__GSHandlerCheckCommon	89
1402933f0	IsProcessorFeaturePresent	6
1402933f8	CAtlBaseModule	165
1402934a0	~CAtlBaseModule	52
1402934d4	_Lock	6
1402934da	_Unlock	6
1402934e0	showmanyc	6
1402934e6	uflow	6
1402934ec	xsgetn	6
1402934f2	xsputn	6
1402934f8	setbuf	6
1402934fe	sync	6
140293504	imbue	6
14029350c	`scalar_deleting_destructor'	137
140293598	_Facet_Register	56
1402935d0	_Lock	6
1402935d6	_Unlock	6
1402935dc	showmanyc	6
1402935e2	uflow	6
1402935e8	xsgetn	6
1402935ee	xsputn	6
1402935f4	setbuf	6
1402935fa	sync	6
140293600	imbue	6
140293606	_Decref	6
14029360c	_Incref	6
140293612	Unwind@140293612	6
140293618	memset	6
140293624	__CxxFrameHandler3	6
14029362a	__vcrt_InitializeCriticalSectionEx	6
140293630	free	6
140293636	terminate	6
14029363c	_seh_filter_exe	6
140293642	_set_app_type	6
140293648	__setusermatherr	6
14029364e	_configure_wide_argv	6
140293654	_initialize_wide_environment	6
14029365a	_get_wide_winmain_command_line	6
140293660	_initterm	6
140293666	_initterm_e	6
14029366c	exit	6
140293678	_set_fmode	6
14029367e	_cexit	6
14029368a	_register_thread_local_exe_atexit_callback	6
140293690	_configthreadlocale	6
140293696	_set_new_mode	6
14029369c	__p__commode	6
1402936a2	_initialize_onexit_table	6
1402936a8	_register_onexit_function	6
1402936ae	_crt_atexit	6
1402936bc	AfxInitialize	41
1402936e8	AfxWinMain	5
1402936ee	AfxWinMain	6
1402936f4	FUN_1402936f4	3
1402936f8	__GSHandlerCheck_EH	127
140293790	_alloca_probe	81
1402937e2	_CxxThrowException	6
1402937e8	memcmp	6
1402937ee	memcpy	6
1402937f4	strcmp	6
140293810	_guard_dispatch_icall	2
140293820	Unwind@140293820	12
14029382c	Unwind@14029382c	16
14029383c	Unwind@14029383c	16
14029384c	Unwind@14029384c	16
14029385c	Unwind@14029385c	52
140293890	Unwind@140293890	18
1402938a2	Unwind@1402938a2	12
1402938b0	Unwind@1402938b0	12
1402938bc	Unwind@1402938bc	12
1402938c8	Unwind@1402938c8	12
1402938d4	Unwind@1402938d4	12
1402938e0	Unwind@1402938e0	12
1402938ec	Unwind@1402938ec	12
1402938f8	Unwind@1402938f8	12
140293904	Unwind@140293904	12
140293910	Unwind@140293910	12
14029391c	Unwind@14029391c	12
140293928	Unwind@140293928	12
140293934	Unwind@140293934	12
140293940	Unwind@140293940	12
14029394c	Unwind@14029394c	12
140293958	Unwind@140293958	12
140293964	Unwind@140293964	12
140293970	Unwind@140293970	12
14029397c	Unwind@14029397c	12
140293988	Unwind@140293988	12
140293994	Unwind@140293994	12
1402939a0	Unwind@1402939a0	12
1402939ac	Unwind@1402939ac	12
1402939b8	Unwind@1402939b8	12
1402939c4	Unwind@1402939c4	12
1402939d0	Unwind@1402939d0	12
1402939dc	Unwind@1402939dc	12
1402939e8	Unwind@1402939e8	12
1402939f4	Unwind@1402939f4	12
140293a00	Unwind@140293a00	12
140293a0c	Unwind@140293a0c	12
140293a18	Unwind@140293a18	12
140293a24	Unwind@140293a24	12
140293a30	Unwind@140293a30	12
140293a3c	Unwind@140293a3c	12
140293a48	Unwind@140293a48	12
140293a54	Unwind@140293a54	12
140293a60	Unwind@140293a60	12
140293a6c	Unwind@140293a6c	12
140293a78	Unwind@140293a78	12
140293a84	Unwind@140293a84	12
140293a90	Unwind@140293a90	12
140293a9c	Unwind@140293a9c	12
140293aa8	Unwind@140293aa8	12
140293ab4	Unwind@140293ab4	12
140293ac0	Unwind@140293ac0	12
140293acc	Unwind@140293acc	12
140293ad8	Unwind@140293ad8	12
140293ae4	Unwind@140293ae4	12
140293af0	Unwind@140293af0	12
140293afc	Unwind@140293afc	12
140293b08	Unwind@140293b08	12
140293b14	Unwind@140293b14	12
140293b20	Unwind@140293b20	12
140293b2c	Unwind@140293b2c	12
140293b38	Unwind@140293b38	12
140293b44	Unwind@140293b44	12
140293b50	Unwind@140293b50	12
140293b5c	Unwind@140293b5c	12
140293b68	Unwind@140293b68	12
140293b74	Unwind@140293b74	12
140293b80	Unwind@140293b80	12
140293b8c	Unwind@140293b8c	12
140293b98	Unwind@140293b98	12
140293ba4	Unwind@140293ba4	12
140293bb0	Unwind@140293bb0	12
140293bbc	Unwind@140293bbc	12
140293bc8	Unwind@140293bc8	12
140293bd4	Unwind@140293bd4	12
140293be0	Unwind@140293be0	12
140293bec	Unwind@140293bec	12
140293bf8	Unwind@140293bf8	12
140293c04	Unwind@140293c04	12
140293c10	Unwind@140293c10	12
140293c1c	Unwind@140293c1c	12
140293c28	Unwind@140293c28	12
140293c34	Unwind@140293c34	12
140293c40	Unwind@140293c40	12
140293c4c	Unwind@140293c4c	12
140293c58	Unwind@140293c58	12
140293c64	Unwind@140293c64	12
140293c70	Unwind@140293c70	12
140293c7c	Unwind@140293c7c	12
140293c88	Unwind@140293c88	12
140293c94	Unwind@140293c94	12
140293ca0	Unwind@140293ca0	12
140293cac	Unwind@140293cac	12
140293cb8	Unwind@140293cb8	12
140293cc4	Unwind@140293cc4	12
140293cd0	Unwind@140293cd0	12
140293cdc	Unwind@140293cdc	12
140293ce8	Unwind@140293ce8	12
140293cf4	Unwind@140293cf4	12
140293d00	Unwind@140293d00	12
140293d0c	Unwind@140293d0c	12
140293d18	Unwind@140293d18	12
140293d24	Unwind@140293d24	12
140293d30	Unwind@140293d30	12
140293d3c	Unwind@140293d3c	12
140293d48	Unwind@140293d48	12
140293d54	Unwind@140293d54	12
140293d60	Unwind@140293d60	12
140293d6c	Unwind@140293d6c	12
140293d78	Unwind@140293d78	12
140293d84	Unwind@140293d84	12
140293d90	Unwind@140293d90	12
140293d9c	Unwind@140293d9c	12
140293da8	Unwind@140293da8	12
140293db4	Unwind@140293db4	12
140293dc0	Unwind@140293dc0	12
140293dcc	Unwind@140293dcc	12
140293dd8	Unwind@140293dd8	12
140293de4	Unwind@140293de4	12
140293df0	Unwind@140293df0	12
140293dfc	Unwind@140293dfc	12
140293e08	Unwind@140293e08	12
140293e14	Unwind@140293e14	12
140293e20	Unwind@140293e20	12
140293e2c	Unwind@140293e2c	12
140293e38	Unwind@140293e38	12
140293e44	Unwind@140293e44	12
140293e50	Unwind@140293e50	12
140293e5c	Unwind@140293e5c	12
140293e68	Unwind@140293e68	12
140293e74	Unwind@140293e74	12
140293e80	Unwind@140293e80	12
140293e8c	Unwind@140293e8c	12
140293e98	Unwind@140293e98	12
140293ea4	Unwind@140293ea4	12
140293eb0	Unwind@140293eb0	12
140293ebc	Unwind@140293ebc	12
140293ec8	Unwind@140293ec8	12
140293ed4	Unwind@140293ed4	12
140293ee0	Unwind@140293ee0	12
140293eec	Unwind@140293eec	12
140293ef8	Unwind@140293ef8	12
140293f04	Unwind@140293f04	12
140293f10	Unwind@140293f10	12
140293f1c	Unwind@140293f1c	12
140293f28	Unwind@140293f28	12
140293f34	Unwind@140293f34	12
140293f40	Unwind@140293f40	12
140293f4c	Unwind@140293f4c	12
140293f58	Unwind@140293f58	12
140293f64	Unwind@140293f64	12
140293f70	Unwind@140293f70	12
140293f7c	Unwind@140293f7c	12
140293f88	Unwind@140293f88	12
140293f94	Unwind@140293f94	12
140293fa0	Unwind@140293fa0	12
140293fac	Unwind@140293fac	12
140293fb8	Unwind@140293fb8	12
140293fc4	Unwind@140293fc4	12
140293fd0	Unwind@140293fd0	12
140293fdc	Unwind@140293fdc	12
140293fe8	Unwind@140293fe8	12
140293ff4	Unwind@140293ff4	12
140294000	Unwind@140294000	12
14029400c	Unwind@14029400c	12
140294018	Unwind@140294018	12
140294024	Unwind@140294024	12
140294030	Unwind@140294030	12
14029403c	Unwind@14029403c	12
140294048	Unwind@140294048	12
140294054	Unwind@140294054	12
140294060	Unwind@140294060	12
14029406c	Unwind@14029406c	12
140294078	Unwind@140294078	12
140294084	Unwind@140294084	12
140294090	Unwind@140294090	12
14029409c	Unwind@14029409c	12
1402940a8	Unwind@1402940a8	12
1402940b4	Unwind@1402940b4	12
1402940c0	Unwind@1402940c0	12
1402940cc	Unwind@1402940cc	12
1402940d8	Unwind@1402940d8	12
1402940e4	Unwind@1402940e4	12
1402940f0	Unwind@1402940f0	12
1402940fc	Unwind@1402940fc	12
140294108	Unwind@140294108	12
140294114	Unwind@140294114	12
140294120	Unwind@140294120	12
14029412c	Unwind@14029412c	12
140294138	Unwind@140294138	12
140294144	Unwind@140294144	12
140294150	Unwind@140294150	12
14029415c	Unwind@14029415c	12
140294168	Unwind@140294168	12
140294174	Unwind@140294174	12
140294180	Unwind@140294180	12
14029418c	Unwind@14029418c	12
140294198	Unwind@140294198	12
1402941a4	Unwind@1402941a4	12
1402941b0	Unwind@1402941b0	12
1402941bc	Unwind@1402941bc	12
1402941c8	Unwind@1402941c8	12
1402941d4	Unwind@1402941d4	12
1402941e0	Unwind@1402941e0	12
1402941ec	Unwind@1402941ec	12
1402941f8	Unwind@1402941f8	12
140294204	Unwind@140294204	12
140294210	Unwind@140294210	12
14029421c	Unwind@14029421c	12
140294228	Unwind@140294228	12
140294234	Unwind@140294234	12
140294240	Unwind@140294240	12
14029424c	Unwind@14029424c	12
140294258	Unwind@140294258	12
140294264	Unwind@140294264	12
140294270	Unwind@140294270	12
14029427c	Unwind@14029427c	12
140294288	Unwind@140294288	12
140294294	Unwind@140294294	12
1402942a0	Unwind@1402942a0	12
1402942ac	Unwind@1402942ac	12
1402942b8	Unwind@1402942b8	12
1402942c4	Unwind@1402942c4	12
1402942d0	Unwind@1402942d0	12
1402942dc	Unwind@1402942dc	12
1402942e8	Unwind@1402942e8	12
1402942f4	Unwind@1402942f4	12
140294300	Unwind@140294300	12
14029430c	Unwind@14029430c	12
140294318	Unwind@140294318	12
140294324	Unwind@140294324	12
140294330	Unwind@140294330	12
14029433c	Unwind@14029433c	12
140294348	Unwind@140294348	12
140294354	Unwind@140294354	12
140294360	Unwind@140294360	12
14029436c	Unwind@14029436c	12
140294378	Unwind@140294378	12
140294384	Unwind@140294384	12
140294390	Unwind@140294390	12
14029439c	Unwind@14029439c	12
1402943a8	Unwind@1402943a8	12
1402943b4	Unwind@1402943b4	12
1402943c0	Unwind@1402943c0	12
1402943cc	Unwind@1402943cc	12
1402943d8	Unwind@1402943d8	12
1402943e4	Unwind@1402943e4	12
1402943f0	Unwind@1402943f0	12
1402943fc	Unwind@1402943fc	12
140294408	Unwind@140294408	12
140294414	Unwind@140294414	12
140294420	Unwind@140294420	12
14029442c	Unwind@14029442c	12
140294438	Unwind@140294438	12
140294444	Unwind@140294444	12
140294450	Unwind@140294450	12
14029445c	Unwind@14029445c	12
140294468	Unwind@140294468	12
140294474	Unwind@140294474	12
140294480	Unwind@140294480	12
14029448c	Unwind@14029448c	12
140294498	Unwind@140294498	12
1402944a4	Unwind@1402944a4	12
1402944b0	Unwind@1402944b0	12
1402944bc	Unwind@1402944bc	12
1402944c8	Unwind@1402944c8	12
1402944d4	Unwind@1402944d4	12
1402944e0	Unwind@1402944e0	12
1402944ec	Unwind@1402944ec	12
1402944f8	Unwind@1402944f8	42
140294522	Unwind@140294522	12
140294530	Unwind@140294530	14
140294540	Catch_All@140294540	51
140294574	Catch_All@140294574	79
1402945d0	Unwind@1402945d0	28
1402945f0	Unwind@1402945f0	12
1402945fc	Unwind@1402945fc	12
140294608	Catch_All@140294608	55
140294640	Catch_All@140294640	86
1402946a0	Unwind@1402946a0	28
1402946bc	Catch_All@1402946bc	35
1402946e0	Catch@1402946e0	181
140294796	Unwind@140294796	14
1402947b0	Unwind@1402947b0	12
1402947bc	Unwind@1402947bc	19
1402947cf	Unwind@1402947cf	21
1402947e4	Unwind@1402947e4	21
1402947f9	Unwind@1402947f9	21
14029480e	Unwind@14029480e	21
140294823	Unwind@140294823	21
140294838	Unwind@140294838	21
140294850	Unwind@140294850	12
140294860	Unwind@140294860	14
14029486e	Unwind@14029486e	12
140294880	Unwind@140294880	14
14029488e	Unwind@14029488e	12
14029489a	Unwind@14029489a	14
1402948a8	Unwind@1402948a8	12
1402948c0	Unwind@1402948c0	14
1402948d0	Unwind@1402948d0	28
1402948ec	Unwind@1402948ec	28
140294910	Catch_All@140294910	86
140294970	Unwind@140294970	14
14029497e	Unwind@14029497e	19
140294991	Unwind@140294991	19
1402949a4	Unwind@1402949a4	21
1402949b9	Unwind@1402949b9	21
1402949ce	Unwind@1402949ce	21
1402949e3	Unwind@1402949e3	21
1402949f8	Unwind@1402949f8	21
140294a0d	Unwind@140294a0d	21
140294a22	Unwind@140294a22	21
140294a37	Unwind@140294a37	21
140294a4c	Unwind@140294a4c	21
140294a61	Unwind@140294a61	21
140294a76	Unwind@140294a76	21
140294a8b	Unwind@140294a8b	21
140294aa0	Unwind@140294aa0	21
140294ab5	Unwind@140294ab5	21
140294aca	Unwind@140294aca	21
140294adf	Unwind@140294adf	21
140294b00	Unwind@140294b00	14
140294b0e	Unwind@140294b0e	21
140294b23	Unwind@140294b23	12
140294b30	Unwind@140294b30	14
140294b3e	Unwind@140294b3e	12
140294b4a	Unwind@140294b4a	12
140294b56	Unwind@140294b56	12
140294b62	Unwind@140294b62	12
140294b70	Unwind@140294b70	14
140294b7e	Unwind@140294b7e	14
140294b8c	Unwind@140294b8c	12
140294b98	Unwind@140294b98	12
140294ba4	Unwind@140294ba4	12
140294bb0	Unwind@140294bb0	12
140294bc0	Unwind@140294bc0	12
140294bcc	Unwind@140294bcc	19
140294bdf	Unwind@140294bdf	19
140294bf2	Unwind@140294bf2	21
140294c07	Unwind@140294c07	21
140294c1c	Unwind@140294c1c	21
140294c31	Unwind@140294c31	21
140294c50	Unwind@140294c50	14
140294c60	Unwind@140294c60	14
140294c6e	Unwind@140294c6e	14
140294c80	Unwind@140294c80	12
140294c8c	Unwind@140294c8c	19
140294c9f	Unwind@140294c9f	19
140294cb2	Unwind@140294cb2	21
140294cc7	Unwind@140294cc7	21
140294cdc	Unwind@140294cdc	21
140294cf1	Unwind@140294cf1	21
140294d06	Unwind@140294d06	21
140294d1b	Unwind@140294d1b	19
140294d2e	Unwind@140294d2e	19
140294d41	Unwind@140294d41	21
140294d60	Unwind@140294d60	14
140294d70	Unwind@140294d70	41
140294da0	Unwind@140294da0	12
140294dac	Unwind@140294dac	12
140294db8	Unwind@140294db8	12
140294dc4	Unwind@140294dc4	38
140294df0	Unwind@140294df0	12
140294dfc	Unwind@140294dfc	12
140294e08	Unwind@140294e08	12
140294e14	Unwind@140294e14	38
140294e40	Unwind@140294e40	12
140294e4c	Unwind@140294e4c	12
140294e58	Unwind@140294e58	12
140294e70	Unwind@140294e70	12
140294e7c	Unwind@140294e7c	12
140294e88	Unwind@140294e88	12
140294e94	Unwind@140294e94	38
140294ec0	Unwind@140294ec0	12
140294ed0	Unwind@140294ed0	12
140294ee0	Catch_All@140294ee0	51
140294f14	Catch_All@140294f14	36
140294f40	Catch_All@140294f40	79
140294f9c	Unwind@140294f9c	12
140294fa8	Unwind@140294fa8	12
140294fb4	Unwind@140294fb4	12
140294fc0	Unwind@140294fc0	38
140294ff0	Unwind@140294ff0	12
140294ffc	Unwind@140294ffc	16
14029500c	Unwind@14029500c	16
14029501c	Unwind@14029501c	16
14029502c	Unwind@14029502c	12
140295040	Unwind@140295040	12
14029504c	Unwind@14029504c	12
140295058	Unwind@140295058	12
140295064	Unwind@140295064	12
140295070	Unwind@140295070	16
140295080	Unwind@140295080	16
140295090	Unwind@140295090	12
14029509c	Unwind@14029509c	12
1402950a8	Unwind@1402950a8	12
1402950c0	Unwind@1402950c0	18
1402950d2	Unwind@1402950d2	18
1402950e4	Unwind@1402950e4	18
1402950f6	Unwind@1402950f6	18
140295108	Unwind@140295108	18
14029511a	Unwind@14029511a	16
14029512a	Unwind@14029512a	16
14029513a	Unwind@14029513a	16
14029514a	Unwind@14029514a	19
14029515d	Unwind@14029515d	19
140295170	Unwind@140295170	19
140295183	Unwind@140295183	19
1402951a0	Unwind@1402951a0	14
1402951ae	Unwind@1402951ae	12
1402951ba	Unwind@1402951ba	12
1402951c6	Unwind@1402951c6	12
1402951d2	Unwind@1402951d2	38
1402951f8	Unwind@1402951f8	14
140295206	Unwind@140295206	14
140295214	Unwind@140295214	14
140295222	Unwind@140295222	12
14029522e	Unwind@14029522e	12
14029523a	Unwind@14029523a	12
140295250	Unwind@140295250	14
14029525e	Unwind@14029525e	12
14029526a	Unwind@14029526a	12
140295276	Unwind@140295276	12
140295282	Unwind@140295282	12
14029528e	Unwind@14029528e	12
14029529a	Unwind@14029529a	12
1402952a6	Unwind@1402952a6	14
1402952b4	Unwind@1402952b4	12
1402952c0	Unwind@1402952c0	12
1402952cc	Unwind@1402952cc	12
1402952d8	Unwind@1402952d8	14
1402952e6	Unwind@1402952e6	12
1402952f2	Unwind@1402952f2	12
1402952fe	Unwind@1402952fe	12
14029530a	Unwind@14029530a	12
140295320	Unwind@140295320	12
14029532c	Unwind@14029532c	38
140295352	Unwind@140295352	12
14029535e	Unwind@14029535e	14
14029536c	Unwind@14029536c	14
14029537a	Unwind@14029537a	14
140295388	Unwind@140295388	14
140295396	Unwind@140295396	12
1402953b0	Unwind@1402953b0	12
1402953bc	Unwind@1402953bc	12
1402953c8	Unwind@1402953c8	12
1402953d4	Unwind@1402953d4	14
1402953e2	Unwind@1402953e2	12
1402953ee	Unwind@1402953ee	12
1402953fa	Unwind@1402953fa	12
140295410	Unwind@140295410	12
14029541c	Unwind@14029541c	14
14029542a	Unwind@14029542a	12
140295436	Unwind@140295436	12
140295442	Unwind@140295442	12
14029544e	Unwind@14029544e	12
14029545a	Unwind@14029545a	12
140295466	Unwind@140295466	12
140295472	Unwind@140295472	12
14029547e	Unwind@14029547e	12
14029548a	Unwind@14029548a	12
1402954a0	Unwind@1402954a0	12
1402954ac	Unwind@1402954ac	12
1402954b8	Unwind@1402954b8	12
1402954c4	Unwind@1402954c4	12
1402954d0	Unwind@1402954d0	14
1402954de	Unwind@1402954de	12
1402954ea	Unwind@1402954ea	12
1402954f6	Unwind@1402954f6	12
140295502	Unwind@140295502	12
14029550e	Unwind@14029550e	12
14029551a	Unwind@14029551a	12
140295526	Unwind@140295526	14
140295534	Unwind@140295534	14
140295542	Unwind@140295542	14
140295550	Unwind@140295550	14
14029555e	Unwind@14029555e	12
140295570	Unwind@140295570	12
14029557c	Unwind@14029557c	12
140295588	Unwind@140295588	12
140295594	Unwind@140295594	12
1402955a0	Unwind@1402955a0	14
1402955ae	Unwind@1402955ae	12
1402955ba	Unwind@1402955ba	12
1402955c6	Unwind@1402955c6	12
1402955d2	Unwind@1402955d2	12
1402955de	Unwind@1402955de	12
1402955f0	Unwind@1402955f0	12
140295600	Unwind@140295600	14
140295610	Unwind@140295610	12
14029561c	Unwind@14029561c	38
140295650	Unwind@140295650	12
14029565c	Unwind@14029565c	38
140295690	Unwind@140295690	12
1402956a0	Unwind@1402956a0	16
1402956b0	Unwind@1402956b0	16
1402956c0	Unwind@1402956c0	16
1402956d0	Unwind@1402956d0	29
1402956f0	Unwind@1402956f0	16
140295700	Unwind@140295700	16
140295710	Unwind@140295710	38
140295740	Unwind@140295740	46
14029576e	Unwind@14029576e	18
140295780	Unwind@140295780	14
140295790	Unwind@140295790	39
1402957c0	Unwind@1402957c0	12
1402957cc	Unwind@1402957cc	12
1402957e0	Unwind@1402957e0	12
1402957ec	Unwind@1402957ec	12
140295800	Unwind@140295800	38
140295830	Unwind@140295830	12
14029583c	Unwind@14029583c	12
140295848	Catch_All@140295848	55
140295880	Unwind@140295880	12
14029588c	Unwind@14029588c	16
14029589c	Unwind@14029589c	12
1402958b0	Unwind@1402958b0	14
1402958c0	Unwind@1402958c0	14
1402958d0	Unwind@1402958d0	29
1402958ed	Unwind@1402958ed	41
140295916	Unwind@140295916	39
14029593d	Unwind@14029593d	14
140295950	Unwind@140295950	12
140295960	Catch_All@140295960	77
1402959b0	Unwind@1402959b0	12
1402959bc	Unwind@1402959bc	16
1402959cc	Unwind@1402959cc	19
1402959e0	Unwind@1402959e0	12
1402959f0	Unwind@1402959f0	12
1402959fc	Unwind@1402959fc	12
140295a10	Unwind@140295a10	12
140295a1c	Unwind@140295a1c	12
140295a28	Unwind@140295a28	12
140295a34	Unwind@140295a34	12
140295a40	Unwind@140295a40	12
140295a4c	Unwind@140295a4c	12
140295a60	Unwind@140295a60	38
140295a86	Unwind@140295a86	12
140295aa0	Unwind@140295aa0	12
140295aac	Unwind@140295aac	12
140295ab8	Unwind@140295ab8	12
140295ac4	Unwind@140295ac4	12
140295ad0	Catch_All@140295ad0	41
140295b00	Unwind@140295b00	12
140295b10	Unwind@140295b10	14
140295b1e	Unwind@140295b1e	19
140295b31	Unwind@140295b31	19
140295b44	Unwind@140295b44	21
140295b59	Unwind@140295b59	21
140295b6e	Unwind@140295b6e	21
140295b83	Unwind@140295b83	21
140295b98	Unwind@140295b98	21
140295bad	Unwind@140295bad	21
140295bc2	Unwind@140295bc2	21
140295be0	Unwind@140295be0	14
140295bee	Unwind@140295bee	14
140295bfc	Unwind@140295bfc	12
140295c10	Unwind@140295c10	14
140295c1e	Unwind@140295c1e	19
140295c31	Unwind@140295c31	19
140295c44	Unwind@140295c44	19
140295c57	Unwind@140295c57	21
140295c6c	Unwind@140295c6c	21
140295c81	Unwind@140295c81	21
140295c96	Unwind@140295c96	21
140295cb0	Unwind@140295cb0	12
140295cc0	Unwind@140295cc0	12
140295cd0	Unwind@140295cd0	12
140295cdc	Unwind@140295cdc	19
140295cef	Unwind@140295cef	19
140295d02	Unwind@140295d02	12
140295d10	Unwind@140295d10	12
140295d20	Unwind@140295d20	12
140295d30	Unwind@140295d30	16
140295d40	Unwind@140295d40	16
140295d50	Unwind@140295d50	16
140295d60	Unwind@140295d60	16
140295d70	Unwind@140295d70	19
140295d83	Unwind@140295d83	19
140295da0	Unwind@140295da0	12
140295dac	Unwind@140295dac	14
140295dba	Unwind@140295dba	21
140295dcf	Unwind@140295dcf	21
140295de4	Unwind@140295de4	12
140295df0	Unwind@140295df0	12
140295e00	Unwind@140295e00	12
140295e10	Unwind@140295e10	12
140295e1c	Unwind@140295e1c	19
140295e2f	Unwind@140295e2f	21
140295e44	Unwind@140295e44	21
140295e59	Unwind@140295e59	21
140295e6e	Unwind@140295e6e	21
140295e83	Unwind@140295e83	21
140295e98	Unwind@140295e98	21
140295ead	Unwind@140295ead	19
140295ec0	Unwind@140295ec0	21
140295ed5	Unwind@140295ed5	21
140295eea	Unwind@140295eea	21
140295eff	Unwind@140295eff	21
140295f20	Unwind@140295f20	12
140295f2c	Unwind@140295f2c	12
140295f38	Unwind@140295f38	14
140295f46	Unwind@140295f46	12
140295f60	Unwind@140295f60	12
140295f70	Unwind@140295f70	14
140295f7e	Unwind@140295f7e	14
140295f8c	Unwind@140295f8c	12
140295f98	Unwind@140295f98	12
140295fa4	Unwind@140295fa4	16
140295fb4	Unwind@140295fb4	16
140295fc4	Unwind@140295fc4	12
140295fd0	Unwind@140295fd0	14
140295fde	Unwind@140295fde	21
140295ff3	Unwind@140295ff3	21
140296008	Unwind@140296008	12
140296014	Unwind@140296014	12
140296020	Unwind@140296020	12
14029602c	Unwind@14029602c	12
140296038	Unwind@140296038	16
140296048	Unwind@140296048	16
140296058	Unwind@140296058	12
140296064	Unwind@140296064	12
140296070	Unwind@140296070	12
14029607c	Unwind@14029607c	12
140296088	Unwind@140296088	12
140296094	Unwind@140296094	12
1402960a0	Unwind@1402960a0	12
1402960ac	Unwind@1402960ac	12
1402960b8	Unwind@1402960b8	12
1402960c4	Unwind@1402960c4	12
1402960d0	Unwind@1402960d0	12
1402960dc	Unwind@1402960dc	12
1402960f0	Unwind@1402960f0	14
140296100	Unwind@140296100	12
14029610c	Unwind@14029610c	12
140296118	Unwind@140296118	14
140296126	Unwind@140296126	12
140296132	Unwind@140296132	12
14029613e	Unwind@14029613e	12
14029614a	Unwind@14029614a	12
140296156	Unwind@140296156	12
140296162	Unwind@140296162	12
140296170	Unwind@140296170	12
14029617c	Unwind@14029617c	12
140296188	Unwind@140296188	12
140296194	Unwind@140296194	12
1402961a0	Unwind@1402961a0	12
1402961ac	Unwind@1402961ac	21
1402961c1	Unwind@1402961c1	12
1402961d0	Unwind@1402961d0	12
1402961dc	Unwind@1402961dc	12
1402961e8	Unwind@1402961e8	12
1402961f4	Unwind@1402961f4	12
140296200	Unwind@140296200	12
140296210	Unwind@140296210	16
140296220	Unwind@140296220	16
140296230	Unwind@140296230	16
140296240	Unwind@140296240	16
140296250	Unwind@140296250	16
140296260	Unwind@140296260	19
140296273	Unwind@140296273	19
140296286	Unwind@140296286	19
140296299	Unwind@140296299	19
1402962ac	Unwind@1402962ac	19
1402962bf	Unwind@1402962bf	19
1402962d2	Unwind@1402962d2	19
1402962e5	Unwind@1402962e5	19
1402962f8	Unwind@1402962f8	19
14029630b	Unwind@14029630b	19
14029631e	Unwind@14029631e	19
140296331	Unwind@140296331	19
140296344	Unwind@140296344	19
140296357	Unwind@140296357	19
14029636a	Unwind@14029636a	19
14029637d	Unwind@14029637d	19
140296390	Unwind@140296390	19
1402963a3	Unwind@1402963a3	19
1402963b6	Unwind@1402963b6	19
1402963c9	Unwind@1402963c9	19
1402963dc	Unwind@1402963dc	19
1402963ef	Unwind@1402963ef	19
140296402	Unwind@140296402	19
140296415	Unwind@140296415	19
140296428	Unwind@140296428	19
14029643b	Unwind@14029643b	19
14029644e	Unwind@14029644e	19
140296461	Unwind@140296461	19
140296474	Unwind@140296474	19
140296487	Unwind@140296487	19
14029649a	Unwind@14029649a	19
1402964ad	Unwind@1402964ad	19
1402964c0	Unwind@1402964c0	19
1402964d3	Unwind@1402964d3	19
1402964e6	Unwind@1402964e6	19
1402964f9	Unwind@1402964f9	19
14029650c	Unwind@14029650c	19
14029651f	Unwind@14029651f	19
140296532	Unwind@140296532	19
140296545	Unwind@140296545	19
140296558	Unwind@140296558	19
14029656b	Unwind@14029656b	19
14029657e	Unwind@14029657e	19
140296591	Unwind@140296591	19
1402965a4	Unwind@1402965a4	19
1402965b7	Unwind@1402965b7	19
1402965ca	Unwind@1402965ca	19
1402965dd	Unwind@1402965dd	19
1402965f0	Unwind@1402965f0	19
140296603	Unwind@140296603	19
140296616	Unwind@140296616	19
140296629	Unwind@140296629	19
14029663c	Unwind@14029663c	19
140296650	Unwind@140296650	16
140296660	Unwind@140296660	16
140296670	Unwind@140296670	12
14029667c	Unwind@14029667c	12
140296688	Unwind@140296688	12
140296694	Unwind@140296694	12
1402966a0	Unwind@1402966a0	12
1402966b0	Unwind@1402966b0	16
1402966c0	Unwind@1402966c0	16
1402966d0	Unwind@1402966d0	12
1402966e0	Catch_All@1402966e0	31
14029673c	Catch_All@14029673c	35
14029676e	Unwind@14029676e	19
140296781	Unwind@140296781	19
140296794	Unwind@140296794	21
1402967a9	Unwind@1402967a9	21
1402967be	Unwind@1402967be	21
1402967d3	Unwind@1402967d3	21
1402967e8	Unwind@1402967e8	21
1402967fd	Unwind@1402967fd	21
140296812	Unwind@140296812	21
140296827	Unwind@140296827	21
14029683c	Unwind@14029683c	21
140296860	Unwind@140296860	12
14029686c	Unwind@14029686c	21
140296881	Unwind@140296881	21
140296896	Unwind@140296896	21
1402968ab	Unwind@1402968ab	21
1402968c0	Unwind@1402968c0	21
1402968d5	Unwind@1402968d5	21
1402968ea	Unwind@1402968ea	21
1402968ff	Unwind@1402968ff	21
140296914	Unwind@140296914	21
140296929	Unwind@140296929	21
14029693e	Unwind@14029693e	21
140296953	Unwind@140296953	21
140296968	Unwind@140296968	21
14029697d	Unwind@14029697d	21
140296992	Unwind@140296992	21
1402969a7	Unwind@1402969a7	21
1402969bc	Unwind@1402969bc	21
1402969d1	Unwind@1402969d1	21
1402969e6	Unwind@1402969e6	21
1402969fb	Unwind@1402969fb	21
140296a10	Unwind@140296a10	21
140296a25	Unwind@140296a25	21
140296a3a	Unwind@140296a3a	21
140296a4f	Unwind@140296a4f	21
140296a64	Unwind@140296a64	21
140296a79	Unwind@140296a79	21
140296a8e	Unwind@140296a8e	21
140296aa3	Unwind@140296aa3	21
140296ab8	Unwind@140296ab8	21
140296acd	Unwind@140296acd	21
140296af0	Unwind@140296af0	12
140296afc	Unwind@140296afc	12
140296b08	Unwind@140296b08	12
140296b14	Unwind@140296b14	12
140296b20	Unwind@140296b20	12
140296b30	Unwind@140296b30	12
140296b40	Unwind@140296b40	12
140296b4c	Unwind@140296b4c	16
140296b5c	Unwind@140296b5c	16
140296b6c	Unwind@140296b6c	12
140296b78	Unwind@140296b78	12
140296b90	Unwind@140296b90	14
140296b9e	Unwind@140296b9e	19
140296bb1	Unwind@140296bb1	19
140296bc4	Unwind@140296bc4	21
140296be0	Unwind@140296be0	14
140296bee	Unwind@140296bee	19
140296c01	Unwind@140296c01	19
140296c14	Unwind@140296c14	12
140296c20	Unwind@140296c20	12
140296c2c	Unwind@140296c2c	12
140296c38	Unwind@140296c38	12
140296c44	Unwind@140296c44	12
140296c50	Unwind@140296c50	12
140296c5c	Unwind@140296c5c	12
140296c68	Unwind@140296c68	12
140296c74	Unwind@140296c74	12
140296c80	Unwind@140296c80	12
140296c8c	Unwind@140296c8c	12
140296ca0	Unwind@140296ca0	12
140296cac	Unwind@140296cac	19
140296cbf	Unwind@140296cbf	21
140296cd4	Unwind@140296cd4	21
140296ce9	Unwind@140296ce9	21
140296cfe	Unwind@140296cfe	21
140296d13	Unwind@140296d13	21
140296d30	Unwind@140296d30	14
140296d3e	Unwind@140296d3e	12
140296d4a	Unwind@140296d4a	12
140296d56	Unwind@140296d56	14
140296d70	Unwind@140296d70	14
140296d7e	Unwind@140296d7e	14
140296d8c	Unwind@140296d8c	14
140296d9a	Unwind@140296d9a	14
140296da8	Unwind@140296da8	14
140296db6	Unwind@140296db6	14
140296dd0	Unwind@140296dd0	14
140296de0	Unwind@140296de0	12
140296dec	Unwind@140296dec	21
140296e01	Unwind@140296e01	21
140296e16	Unwind@140296e16	21
140296e2b	Unwind@140296e2b	21
140296e40	Unwind@140296e40	21
140296e55	Unwind@140296e55	21
140296e6a	Unwind@140296e6a	21
140296e7f	Unwind@140296e7f	21
140296e94	Unwind@140296e94	21
140296ea9	Unwind@140296ea9	21
140296ebe	Unwind@140296ebe	21
140296ed3	Unwind@140296ed3	21
140296ef0	Unwind@140296ef0	14
140296efe	Unwind@140296efe	21
140296f13	Unwind@140296f13	21
140296f28	Unwind@140296f28	21
140296f3d	Unwind@140296f3d	19
140296f50	Unwind@140296f50	19
140296f63	Unwind@140296f63	21
140296f78	Unwind@140296f78	21
140296f8d	Unwind@140296f8d	21
140296fa2	Unwind@140296fa2	21
140296fc0	Unwind@140296fc0	14
140296fce	Unwind@140296fce	14
140296fdc	Unwind@140296fdc	14
140296ff0	Unwind@140296ff0	14
140296ffe	Unwind@140296ffe	14
14029700c	Unwind@14029700c	12
140297018	Unwind@140297018	12
140297030	Unwind@140297030	12
14029703c	Unwind@14029703c	12
140297048	Unwind@140297048	12
140297060	Unwind@140297060	14
14029706e	Unwind@14029706e	19
140297081	Unwind@140297081	19
140297094	Unwind@140297094	21
1402970a9	Unwind@1402970a9	21
1402970be	Unwind@1402970be	21
1402970d3	Unwind@1402970d3	21
1402970e8	Unwind@1402970e8	21
1402970fd	Unwind@1402970fd	21
140297112	Unwind@140297112	21
140297127	Unwind@140297127	21
140297140	Unwind@140297140	12
14029714c	Unwind@14029714c	21
140297161	Unwind@140297161	21
140297176	Unwind@140297176	21
14029718b	Unwind@14029718b	21
1402971a0	Unwind@1402971a0	21
1402971b5	Unwind@1402971b5	21
1402971ca	Unwind@1402971ca	21
1402971df	Unwind@1402971df	21
1402971f4	Unwind@1402971f4	21
140297209	Unwind@140297209	21
14029721e	Unwind@14029721e	21
140297240	Unwind@140297240	14
14029724e	Unwind@14029724e	12
14029725a	Unwind@14029725a	14
140297268	Unwind@140297268	12
140297274	Unwind@140297274	14
140297282	Unwind@140297282	12
14029728e	Unwind@14029728e	14
14029729c	Unwind@14029729c	12
1402972a8	Unwind@1402972a8	14
1402972b6	Unwind@1402972b6	14
1402972d0	Unwind@1402972d0	14
1402972de	Unwind@1402972de	21
1402972f3	Unwind@1402972f3	21
140297308	Unwind@140297308	21
14029731d	Unwind@14029731d	19
140297330	Unwind@140297330	19
140297343	Unwind@140297343	21
140297358	Unwind@140297358	21
14029736d	Unwind@14029736d	21
140297382	Unwind@140297382	21
1402973a0	Unwind@1402973a0	14
1402973ae	Unwind@1402973ae	12
1402973ba	Unwind@1402973ba	12
1402973d0	Unwind@1402973d0	14
1402973de	Unwind@1402973de	14
1402973ec	Unwind@1402973ec	12
1402973f8	Unwind@1402973f8	12
140297410	Unwind@140297410	12
14029741c	Unwind@14029741c	12
140297428	Unwind@140297428	12
140297434	Unwind@140297434	12
140297440	Unwind@140297440	12
140297450	Unwind@140297450	12
14029745c	Unwind@14029745c	19
14029746f	Unwind@14029746f	21
140297484	Unwind@140297484	21
140297499	Unwind@140297499	21
1402974ae	Unwind@1402974ae	21
1402974c3	Unwind@1402974c3	21
1402974d8	Unwind@1402974d8	21
1402974ed	Unwind@1402974ed	21
140297502	Unwind@140297502	21
140297517	Unwind@140297517	21
14029752c	Unwind@14029752c	21
140297541	Unwind@140297541	21
140297556	Unwind@140297556	21
14029756b	Unwind@14029756b	21
140297580	Unwind@140297580	21
140297595	Unwind@140297595	21
1402975aa	Unwind@1402975aa	21
1402975bf	Unwind@1402975bf	21
1402975d4	Unwind@1402975d4	21
1402975e9	Unwind@1402975e9	21
1402975fe	Unwind@1402975fe	21
140297613	Unwind@140297613	21
140297630	Unwind@140297630	38
140297656	Unwind@140297656	46
140297684	Unwind@140297684	18
140297696	Unwind@140297696	12
1402976a2	Unwind@1402976a2	12
1402976b0	Unwind@1402976b0	12
1402976bc	Unwind@1402976bc	12
1402976c8	Unwind@1402976c8	12
1402976d4	Unwind@1402976d4	12
1402976e0	Unwind@1402976e0	12
1402976f0	Unwind@1402976f0	14
1402976fe	Unwind@1402976fe	12
14029770a	Unwind@14029770a	12
140297716	Unwind@140297716	12
140297722	Unwind@140297722	12
14029772e	Unwind@14029772e	12
14029773a	Unwind@14029773a	12
140297750	Unwind@140297750	14
14029775e	Unwind@14029775e	12
14029776a	Unwind@14029776a	12
140297776	Unwind@140297776	12
140297782	Unwind@140297782	12
14029778e	Unwind@14029778e	12
14029779a	Unwind@14029779a	12
1402977a6	Unwind@1402977a6	12
1402977c0	Unwind@1402977c0	12
1402977cc	Unwind@1402977cc	14
1402977e0	Unwind@1402977e0	14
1402977ee	Unwind@1402977ee	19
140297801	Unwind@140297801	19
140297814	Unwind@140297814	21
140297829	Unwind@140297829	21
14029783e	Unwind@14029783e	21
140297860	Unwind@140297860	14
14029786e	Unwind@14029786e	19
140297881	Unwind@140297881	19
140297894	Unwind@140297894	21
1402978a9	Unwind@1402978a9	21
1402978c0	Unwind@1402978c0	12
1402978cc	Unwind@1402978cc	21
1402978e1	Unwind@1402978e1	21
1402978f6	Unwind@1402978f6	21
14029790b	Unwind@14029790b	21
140297920	Unwind@140297920	21
140297935	Unwind@140297935	21
14029794a	Unwind@14029794a	21
14029795f	Unwind@14029795f	21
140297974	Unwind@140297974	21
140297989	Unwind@140297989	21
14029799e	Unwind@14029799e	21
1402979b3	Unwind@1402979b3	21
1402979c8	Unwind@1402979c8	21
1402979e0	Unwind@1402979e0	12
1402979ec	Unwind@1402979ec	12
1402979f8	Unwind@1402979f8	38
140297a20	Unwind@140297a20	12
140297a2c	Unwind@140297a2c	12
140297a38	Unwind@140297a38	12
140297a44	Unwind@140297a44	12
140297a50	Unwind@140297a50	12
140297a5c	Unwind@140297a5c	16
140297a6c	Unwind@140297a6c	16
140297a7c	Unwind@140297a7c	12
140297a88	Unwind@140297a88	12
140297a94	Unwind@140297a94	28
140297ab0	Unwind@140297ab0	28
140297ad0	Unwind@140297ad0	38
140297b00	Unwind@140297b00	14
140297b0e	Unwind@140297b0e	21
140297b23	Unwind@140297b23	21
140297b40	Unwind@140297b40	12
140297b4c	Unwind@140297b4c	16
140297b5c	Unwind@140297b5c	16
140297b70	Unwind@140297b70	12
140297b7c	Unwind@140297b7c	12
140297b88	Unwind@140297b88	12
140297b94	Unwind@140297b94	12
140297ba0	Unwind@140297ba0	12
140297bac	Unwind@140297bac	12
140297bb8	Unwind@140297bb8	12
140297bc4	Unwind@140297bc4	12
140297bd0	Unwind@140297bd0	12
140297bdc	Unwind@140297bdc	12
140297be8	Unwind@140297be8	12
140297bf4	Unwind@140297bf4	12
140297c00	Unwind@140297c00	12
140297c0c	Unwind@140297c0c	12
140297c18	Unwind@140297c18	12
140297c24	Unwind@140297c24	12
140297c30	Unwind@140297c30	12
140297c3c	Unwind@140297c3c	12
140297c48	Unwind@140297c48	12
140297c54	Unwind@140297c54	12
140297c60	Unwind@140297c60	12
140297c6c	Unwind@140297c6c	12
140297c78	Unwind@140297c78	12
140297c84	Unwind@140297c84	12
140297c90	Unwind@140297c90	12
140297c9c	Unwind@140297c9c	12
140297ca8	Unwind@140297ca8	12
140297cb4	Unwind@140297cb4	12
140297cc0	Unwind@140297cc0	12
140297ccc	Unwind@140297ccc	12
140297cd8	Unwind@140297cd8	12
140297ce4	Unwind@140297ce4	12
140297cf0	Unwind@140297cf0	12
140297cfc	Unwind@140297cfc	12
140297d08	Unwind@140297d08	12
140297d14	Unwind@140297d14	12
140297d20	Unwind@140297d20	12
140297d2c	Unwind@140297d2c	12
140297d38	Unwind@140297d38	12
140297d44	Unwind@140297d44	12
140297d50	Unwind@140297d50	12
140297d5c	Unwind@140297d5c	12
140297d68	Unwind@140297d68	12
140297d74	Unwind@140297d74	12
140297d80	Unwind@140297d80	12
140297d8c	Unwind@140297d8c	12
140297d98	Unwind@140297d98	12
140297da4	Unwind@140297da4	12
140297db0	Unwind@140297db0	12
140297dbc	Unwind@140297dbc	12
140297dc8	Unwind@140297dc8	12
140297dd4	Unwind@140297dd4	12
140297de0	Unwind@140297de0	12
140297dec	Unwind@140297dec	12
140297df8	Unwind@140297df8	12
140297e04	Unwind@140297e04	12
140297e10	Unwind@140297e10	12
140297e1c	Unwind@140297e1c	12
140297e28	Unwind@140297e28	12
140297e34	Unwind@140297e34	12
140297e40	Unwind@140297e40	12
140297e4c	Unwind@140297e4c	12
140297e58	Unwind@140297e58	12
140297e64	Unwind@140297e64	12
140297e70	Unwind@140297e70	12
140297e7c	Unwind@140297e7c	12
140297e88	Unwind@140297e88	12
140297e94	Unwind@140297e94	12
140297ea0	Unwind@140297ea0	12
140297eac	Unwind@140297eac	12
140297eb8	Unwind@140297eb8	12
140297ec4	Unwind@140297ec4	12
140297ed0	Unwind@140297ed0	12
140297edc	Unwind@140297edc	12
140297ee8	Unwind@140297ee8	12
140297ef4	Unwind@140297ef4	12
140297f00	Unwind@140297f00	12
140297f0c	Unwind@140297f0c	12
140297f18	Unwind@140297f18	12
140297f24	Unwind@140297f24	12
140297f30	Unwind@140297f30	12
140297f3c	Unwind@140297f3c	12
140297f48	Unwind@140297f48	12
140297f54	Unwind@140297f54	12
140297f60	Unwind@140297f60	12
140297f6c	Unwind@140297f6c	12
140297f78	Unwind@140297f78	12
140297f84	Unwind@140297f84	12
140297f90	Unwind@140297f90	12
140297f9c	Unwind@140297f9c	12
140297fa8	Unwind@140297fa8	12
140297fb4	Unwind@140297fb4	12
140297fc0	Unwind@140297fc0	12
140297fcc	Unwind@140297fcc	12
140297fd8	Unwind@140297fd8	12
140297fe4	Unwind@140297fe4	12
140297ff0	Unwind@140297ff0	12
140297ffc	Unwind@140297ffc	12
140298008	Unwind@140298008	12
140298014	Unwind@140298014	12
140298020	Unwind@140298020	12
14029802c	Unwind@14029802c	12
140298038	Unwind@140298038	12
140298044	Unwind@140298044	12
140298050	Unwind@140298050	12
14029805c	Unwind@14029805c	12
140298068	Unwind@140298068	12
140298074	Unwind@140298074	12
140298080	Unwind@140298080	12
14029808c	Unwind@14029808c	12
140298098	Unwind@140298098	12
1402980a4	Unwind@1402980a4	12
1402980b0	Unwind@1402980b0	12
1402980bc	Unwind@1402980bc	12
1402980c8	Unwind@1402980c8	12
1402980d4	Unwind@1402980d4	12
1402980e0	Unwind@1402980e0	12
1402980ec	Unwind@1402980ec	12
1402980f8	Unwind@1402980f8	12
140298104	Unwind@140298104	12
140298110	Unwind@140298110	12
14029811c	Unwind@14029811c	12
140298128	Unwind@140298128	12
140298134	Unwind@140298134	12
140298140	Unwind@140298140	12
14029814c	Unwind@14029814c	12
140298158	Unwind@140298158	12
140298164	Unwind@140298164	12
140298170	Unwind@140298170	12
14029817c	Unwind@14029817c	12
140298188	Unwind@140298188	12
140298194	Unwind@140298194	12
1402981a0	Unwind@1402981a0	12
1402981ac	Unwind@1402981ac	12
1402981b8	Unwind@1402981b8	12
1402981c4	Unwind@1402981c4	12
1402981d0	Unwind@1402981d0	12
1402981dc	Unwind@1402981dc	12
1402981e8	Unwind@1402981e8	12
1402981f4	Unwind@1402981f4	12
140298200	Unwind@140298200	12
14029820c	Unwind@14029820c	12
140298218	Unwind@140298218	12
140298224	Unwind@140298224	12
140298230	Unwind@140298230	12
14029823c	Unwind@14029823c	12
140298248	Unwind@140298248	12
140298254	Unwind@140298254	12
140298260	Unwind@140298260	12
14029826c	Unwind@14029826c	12
140298278	Unwind@140298278	12
140298284	Unwind@140298284	12
140298290	Unwind@140298290	12
14029829c	Unwind@14029829c	12
1402982a8	Unwind@1402982a8	12
1402982b4	Unwind@1402982b4	12
1402982c0	Unwind@1402982c0	12
1402982cc	Unwind@1402982cc	12
1402982d8	Unwind@1402982d8	12
1402982e4	Unwind@1402982e4	12
1402982f0	Unwind@1402982f0	12
1402982fc	Unwind@1402982fc	12
140298308	Unwind@140298308	12
140298314	Unwind@140298314	12
140298320	Unwind@140298320	12
14029832c	Unwind@14029832c	12
140298338	Unwind@140298338	12
140298344	Unwind@140298344	12
140298350	Unwind@140298350	12
14029835c	Unwind@14029835c	12
140298368	Unwind@140298368	12
140298374	Unwind@140298374	12
140298380	Unwind@140298380	12
14029838c	Unwind@14029838c	12
140298398	Unwind@140298398	12
1402983a4	Unwind@1402983a4	12
1402983b0	Unwind@1402983b0	12
1402983bc	Unwind@1402983bc	12
1402983c8	Unwind@1402983c8	12
1402983d4	Unwind@1402983d4	12
1402983e0	Unwind@1402983e0	12
1402983ec	Unwind@1402983ec	12
1402983f8	Unwind@1402983f8	12
140298404	Unwind@140298404	12
140298410	Unwind@140298410	12
14029841c	Unwind@14029841c	12
140298428	Unwind@140298428	12
140298434	Unwind@140298434	12
140298440	Unwind@140298440	12
14029844c	Unwind@14029844c	12
140298458	Unwind@140298458	12
140298464	Unwind@140298464	12
140298470	Unwind@140298470	12
14029847c	Unwind@14029847c	12
140298488	Unwind@140298488	12
140298494	Unwind@140298494	12
1402984a0	Unwind@1402984a0	12
1402984ac	Unwind@1402984ac	12
1402984b8	Unwind@1402984b8	12
1402984c4	Unwind@1402984c4	12
1402984d0	Unwind@1402984d0	12
1402984dc	Unwind@1402984dc	12
1402984e8	Unwind@1402984e8	12
1402984f4	Unwind@1402984f4	12
140298500	Unwind@140298500	12
14029850c	Unwind@14029850c	12
140298518	Unwind@140298518	12
140298524	Unwind@140298524	12
140298530	Unwind@140298530	12
14029853c	Unwind@14029853c	12
140298548	Unwind@140298548	12
140298554	Unwind@140298554	12
140298560	Unwind@140298560	12
14029856c	Unwind@14029856c	12
140298578	Unwind@140298578	12
140298584	Unwind@140298584	12
140298590	Unwind@140298590	12
14029859c	Unwind@14029859c	12
1402985a8	Unwind@1402985a8	12
1402985b4	Unwind@1402985b4	12
1402985c0	Unwind@1402985c0	12
1402985cc	Unwind@1402985cc	12
1402985d8	Unwind@1402985d8	12
1402985e4	Unwind@1402985e4	12
1402985f0	Unwind@1402985f0	12
1402985fc	Unwind@1402985fc	12
140298608	Unwind@140298608	12
140298614	Unwind@140298614	12
140298620	Unwind@140298620	12
14029862c	Unwind@14029862c	12
140298638	Unwind@140298638	12
140298644	Unwind@140298644	12
140298650	Unwind@140298650	12
14029865c	Unwind@14029865c	12
140298668	Unwind@140298668	12
140298674	Unwind@140298674	12
140298680	Unwind@140298680	12
14029868c	Unwind@14029868c	12
140298698	Unwind@140298698	12
1402986a4	Unwind@1402986a4	12
1402986b0	Unwind@1402986b0	12
1402986bc	Unwind@1402986bc	12
1402986c8	Unwind@1402986c8	12
1402986d4	Unwind@1402986d4	12
1402986e0	Unwind@1402986e0	12
1402986ec	Unwind@1402986ec	12
1402986f8	Unwind@1402986f8	12
140298704	Unwind@140298704	12
140298710	Unwind@140298710	12
14029871c	Unwind@14029871c	12
140298728	Unwind@140298728	12
140298734	Unwind@140298734	12
140298740	Unwind@140298740	12
14029874c	Unwind@14029874c	12
140298758	Unwind@140298758	12
140298764	Unwind@140298764	12
140298770	Unwind@140298770	12
14029877c	Unwind@14029877c	12
140298788	Unwind@140298788	12
140298794	Unwind@140298794	12
1402987a0	Unwind@1402987a0	12
1402987ac	Unwind@1402987ac	12
1402987b8	Unwind@1402987b8	12
1402987c4	Unwind@1402987c4	12
1402987d0	Unwind@1402987d0	12
1402987dc	Unwind@1402987dc	12
1402987e8	Unwind@1402987e8	12
1402987f4	Unwind@1402987f4	12
140298800	Unwind@140298800	12
14029880c	Unwind@14029880c	12
140298818	Unwind@140298818	12
140298824	Unwind@140298824	12
140298830	Unwind@140298830	12
14029883c	Unwind@14029883c	12
140298848	Unwind@140298848	12
140298854	Unwind@140298854	12
140298860	Unwind@140298860	12
14029886c	Unwind@14029886c	12
140298878	Unwind@140298878	12
140298884	Unwind@140298884	12
140298890	Unwind@140298890	12
14029889c	Unwind@14029889c	12
1402988a8	Unwind@1402988a8	12
1402988b4	Unwind@1402988b4	12
1402988c0	Unwind@1402988c0	12
1402988cc	Unwind@1402988cc	12
1402988d8	Unwind@1402988d8	12
1402988e4	Unwind@1402988e4	12
1402988f0	Unwind@1402988f0	12
1402988fc	Unwind@1402988fc	12
140298908	Unwind@140298908	12
140298914	Unwind@140298914	12
140298920	Unwind@140298920	12
14029892c	Unwind@14029892c	12
140298938	Unwind@140298938	12
140298944	Unwind@140298944	12
140298950	Unwind@140298950	12
14029895c	Unwind@14029895c	12
140298968	Unwind@140298968	12
140298974	Unwind@140298974	12
140298980	Unwind@140298980	12
14029898c	Unwind@14029898c	12
140298998	Unwind@140298998	12
1402989a4	Unwind@1402989a4	12
1402989b0	Unwind@1402989b0	12
1402989bc	Unwind@1402989bc	12
1402989c8	Unwind@1402989c8	12
1402989d4	Unwind@1402989d4	12
1402989e0	Unwind@1402989e0	12
1402989ec	Unwind@1402989ec	12
1402989f8	Unwind@1402989f8	12
140298a04	Unwind@140298a04	12
140298a10	Unwind@140298a10	12
140298a1c	Unwind@140298a1c	12
140298a28	Unwind@140298a28	12
140298a34	Unwind@140298a34	12
140298a40	Unwind@140298a40	12
140298a4c	Unwind@140298a4c	12
140298a58	Unwind@140298a58	12
140298a64	Unwind@140298a64	12
140298a70	Unwind@140298a70	12
140298a7c	Unwind@140298a7c	12
140298a90	Unwind@140298a90	12
140298a9c	Unwind@140298a9c	12
140298aa8	Unwind@140298aa8	12
140298ac0	Unwind@140298ac0	46
140298aee	Unwind@140298aee	18
140298b00	Unwind@140298b00	14
140298b0e	Unwind@140298b0e	16
140298b20	Unwind@140298b20	12
140298b30	Unwind@140298b30	12
140298b40	Unwind@140298b40	12
140298b50	Unwind@140298b50	12
140298b5c	Unwind@140298b5c	12
140298b68	Catch_All@140298b68	55
140298ba0	Unwind@140298ba0	14
140298bae	Unwind@140298bae	16
140298bbe	Unwind@140298bbe	16
140298bce	Unwind@140298bce	12
140298be0	Unwind@140298be0	12
140298bf0	Unwind@140298bf0	12
140298bfc	Unwind@140298bfc	21
140298c11	Unwind@140298c11	21
140298c26	Unwind@140298c26	21
140298c3b	Unwind@140298c3b	21
140298c50	Unwind@140298c50	21
140298c65	Unwind@140298c65	21
140298c7a	Unwind@140298c7a	21
140298c8f	Unwind@140298c8f	19
140298ca2	Unwind@140298ca2	21
140298cb7	Unwind@140298cb7	21
140298ccc	Unwind@140298ccc	21
140298ce1	Unwind@140298ce1	21
140298cf6	Unwind@140298cf6	21
140298d0b	Unwind@140298d0b	21
140298d20	Unwind@140298d20	21
140298d35	Unwind@140298d35	21
140298d4a	Unwind@140298d4a	21
140298d5f	Unwind@140298d5f	21
140298d74	Unwind@140298d74	21
140298d89	Unwind@140298d89	21
140298d9e	Unwind@140298d9e	21
140298db3	Unwind@140298db3	21
140298dc8	Unwind@140298dc8	21
140298ddd	Unwind@140298ddd	21
140298df2	Unwind@140298df2	21
140298e07	Unwind@140298e07	21
140298e1c	Unwind@140298e1c	21
140298e31	Unwind@140298e31	21
140298e46	Unwind@140298e46	21
140298e5b	Unwind@140298e5b	21
140298e70	Unwind@140298e70	21
140298e85	Unwind@140298e85	21
140298e9a	Unwind@140298e9a	21
140298eaf	Unwind@140298eaf	21
140298ec4	Unwind@140298ec4	21
140298ed9	Unwind@140298ed9	21
140298eee	Unwind@140298eee	21
140298f03	Unwind@140298f03	21
140298f18	Unwind@140298f18	21
140298f2d	Unwind@140298f2d	21
140298f42	Unwind@140298f42	21
140298f60	Unwind@140298f60	38
140298f86	Unwind@140298f86	12
140298fa0	Unwind@140298fa0	14
140298fae	Unwind@140298fae	12
140298fba	Unwind@140298fba	12
140298fc6	Unwind@140298fc6	12
140298fd2	Unwind@140298fd2	12
140298fde	Unwind@140298fde	12
140298fea	Unwind@140298fea	12
140298ff6	Unwind@140298ff6	12
140299002	Unwind@140299002	12
14029900e	Unwind@14029900e	39
140299035	Unwind@140299035	39
14029905c	Unwind@14029905c	12
140299068	Unwind@140299068	12
140299074	Unwind@140299074	12
140299080	Unwind@140299080	12
140299090	Unwind@140299090	14
14029909e	Unwind@14029909e	12
1402990aa	Unwind@1402990aa	12
1402990b6	Unwind@1402990b6	12
1402990c2	Unwind@1402990c2	12
1402990ce	Unwind@1402990ce	12
1402990da	Unwind@1402990da	12
1402990e6	Unwind@1402990e6	12
1402990f2	Unwind@1402990f2	12
1402990fe	Unwind@1402990fe	12
140299110	Unwind@140299110	14
14029911e	Unwind@14029911e	14
140299130	Unwind@140299130	12
14029913c	Unwind@14029913c	21
140299151	Unwind@140299151	12
140299160	Unwind@140299160	12
14029916c	Unwind@14029916c	21
140299181	Unwind@140299181	19
1402991a0	Unwind@1402991a0	12
1402991ac	Unwind@1402991ac	12
1402991b8	Unwind@1402991b8	12
1402991c4	Unwind@1402991c4	12
1402991d0	Unwind@1402991d0	14
1402991de	Unwind@1402991de	19
1402991f1	Unwind@1402991f1	19
140299204	Unwind@140299204	21
140299219	Unwind@140299219	21
14029922e	Unwind@14029922e	21
140299243	Unwind@140299243	21
140299258	Unwind@140299258	21
140299270	Unwind@140299270	38
140299296	FUN_140299296	29
1402992b4	FUN_1402992b4	43
1402992e0	filt$0	63
140299321	FUN_140299321	23
140299350	FUN_140299350	77
1402993b0	FUN_1402993b0	144
140299450	FUN_140299450	77
1402994a0	FUN_1402994a0	144
14029955c	~_Fac_tidy_reg_t	43
